DATE,Sample,Peak#,Ret.Time,Proc.From,Proc.To,Mass,Area,Height,A/H,Conc.,Mark,Name
19-Nov,10A,1,3.517,3.418,3.635,TIC,1542623,705449,2.18,53.2,MI ,alpha.pinene
19-Nov,10A,2,4.549,4.505,4.592,TIC,57453,23408,2.45,1.98,MI ,beta.pinene
19-Nov,10A,3,5.265,5.24,5.293,TIC,35123,22479,1.56,1.21,MI ,beta.myrcene
19-Nov,10A,4,5.674,5.646,5.708,TIC,15547,11545,1.34,0.54,MI ,limonene
19-Nov,10A,5,6.211,6.177,6.26,TIC,7114,4256,1.67,0.25,MI ,gamma.terpinene
19-Nov,10A,6,6.79,6.762,6.849,TIC,78390,48218,1.62,2.7,MI ,acetoin
19-Nov,10A,7,7.02,6.975,7.067,TIC,162965,109917,1.48,5.62,MI ,cis.3.hexenyl.acetate
19-Nov,10A,8,7.71,7.671,7.739,TIC,33681,25278,1.33,1.16,MI ,cis.3.hexen.1.ol
19-Nov,10A,9,9.659,9.623,9.701,TIC,383678,257504,1.48,13.23,MI ,trans.beta.caryophyllene
19-Nov,10A,10,10.073,10.039,10.097,TIC,45791,38931,1.17,1.58,MI ,alloaromadendrene
19-Nov,10A,11,10.276,10.237,10.329,TIC,85272,50111,1.7,2.94,MI ,alpha.humulene
19-Nov,10A,12,10.399,10.378,10.421,TIC,21435,16970,1.26,0.74,MI ,beta.cadinene
19-Nov,10A,13,10.594,10.566,10.624,TIC,105240,70392,1.49,3.63,MI ,germacrene.D
19-Nov,10A,14,10.682,10.663,10.711,TIC,57799,40294,1.43,1.99,MI ,beta.longipinene
19-Nov,10A,15,10.794,10.779,10.817,TIC,14932,12797,1.16,0.51,MI ,unknown.C15H24.2
19-Nov,10A,16,10.937,10.909,10.962,TIC,218302,158102,1.38,7.53,MI ,gamma.cadinene
19-Nov,10A,17,10.976,10.962,11.001,TIC,34298,27520,1.24,1.18,MI ,unknown.C15H24.3
19-Nov,10B,1,3.539,3.48,3.65,TIC,8779303,4550212,1.92,10.37,MI ,alpha.pinene
19-Nov,10B,2,4.524,4.486,4.616,TIC,528057,232301,2.27,0.62,MI ,beta.pinene
19-Nov,10B,3,4.719,4.698,4.771,TIC,71705,27204,2.63,0.08,MI ,sabinene
19-Nov,10B,4,5.273,5.235,5.298,TIC,445798,245505,1.81,0.53,MI ,beta.myrcene
19-Nov,10B,5,5.445,5.428,5.477,TIC,98111,63773,1.53,0.12,MI ,alpha.terpinene
19-Nov,10B,6,5.678,5.641,5.713,TIC,257494,132632,1.94,0.3,MI ,limonene
19-Nov,10B,7,5.79,5.757,5.82,TIC,37356,23972,1.55,0.04,MI ,beta.phellandrene
19-Nov,10B,8,6.213,6.177,6.26,TIC,160880,83082,1.93,0.19,MI ,gamma.terpinene
19-Nov,10B,9,6.278,6.264,6.298,TIC,13338,12391,1.07,0.02,MI ,trans.beta.ocimene
19-Nov,10B,10,6.509,6.477,6.525,TIC,79449,43833,1.81,0.09,MI ,para.cymene
19-Nov,10B,11,6.63,6.607,6.651,TIC,12218,9769,1.25,0.01,MI ,alpha.terpinolene
19-Nov,10B,12,6.792,6.772,6.825,TIC,52443,34356,1.52,0.06,MI ,acetoin
19-Nov,10B,13,7.051,6.965,7.159,TIC,71110962,40251952,1.76,84.02,MI ,cis.3.hexenyl.acetate
19-Nov,10B,14,7.709,7.652,7.763,TIC,1283995,902747,1.42,1.52,MI ,cis.3.hexen.1.ol
19-Nov,10B,15,9.248,9.237,9.261,TIC,15978,13959,1.14,0.02,MI ,linalyl.acetate
19-Nov,10B,16,9.658,9.623,9.701,TIC,574974,392897,1.46,0.68,MI ,trans.beta.caryophyllene
19-Nov,10B,17,9.724,9.701,9.735,TIC,20018,24319,0.82,0.02,MI ,terpinene.4.ol
19-Nov,10B,18,10.072,10.049,10.092,TIC,66792,51641,1.29,0.08,MI ,alloaromadendrene
19-Nov,10B,19,10.279,10.247,10.315,TIC,96397,61679,1.56,0.11,MI ,alpha.humulene
19-Nov,10B,20,10.399,10.382,10.416,TIC,22919,21005,1.09,0.03,MI ,beta.cadinene
19-Nov,10B,21,10.596,10.542,10.639,TIC,467452,303618,1.53,0.55,MI ,germacrene.D
19-Nov,10B,22,10.685,10.663,10.711,TIC,78690,55229,1.42,0.09,MI ,beta.longipinene
19-Nov,10B,23,10.797,10.769,10.822,TIC,52757,43650,1.2,0.06,MI ,unknown.C15H24.2
19-Nov,10B,24,10.934,10.904,10.962,TIC,265091,185195,1.43,0.31,MI ,gamma.cadinene
19-Nov,10B,25,10.977,10.962,11.006,TIC,33023,26791,1.23,0.04,MI ,unknown.C15H24.3
19-Nov,10B,26,11.23,11.219,11.248,TIC,10297,10231,1,0.01,MI ,methyl.salicylate
19-Nov,11A,1,3.53,3.466,3.669,TIC,12553613,6489340,1.93,20.98,MI ,alpha.pinene
19-Nov,11A,2,4.517,4.476,4.626,TIC,1143191,439773,2.59,1.91,MI ,beta.pinene
19-Nov,11A,3,4.716,4.684,4.781,TIC,176339,62777,2.8,0.29,MI ,sabinene
19-Nov,11A,4,5.261,5.216,5.332,TIC,598960,321964,1.86,1,MI ,beta.myrcene
19-Nov,11A,5,5.438,5.399,5.481,TIC,212838,120200,1.77,0.36,MI ,alpha.terpinene
19-Nov,11A,6,5.669,5.636,5.728,TIC,487290,278643,1.74,0.81,MI ,limonene
19-Nov,11A,7,5.777,5.738,5.815,TIC,85195,46331,1.83,0.14,MI ,beta.phellandrene
19-Nov,11A,8,6.204,6.163,6.264,TIC,344489,186985,1.84,0.58,MI ,gamma.terpinene
19-Nov,11A,9,6.496,6.467,6.511,TIC,44545,31890,1.39,0.07,MI ,para.cymene
19-Nov,11A,10,6.615,6.593,6.637,TIC,41651,30386,1.37,0.07,MI ,alpha.terpinolene
19-Nov,11A,11,6.782,6.757,6.82,TIC,83703,50752,1.64,0.14,MI ,acetoin
19-Nov,11A,12,7.03,6.97,7.149,TIC,43077739,27961451,1.54,72.01,MI ,cis.3.hexenyl.acetate
19-Nov,11A,14,7.7,7.671,7.734,TIC,673509,482414,1.39,1.13,MI ,cis.3.hexen.1.ol
19-Nov,11A,15,9.163,9.13,9.189,TIC,58206,42360,1.37,0.1,MI ,linalool
19-Nov,11A,16,9.65,9.623,9.681,TIC,41444,30017,1.38,0.07,MI ,trans.beta.caryophyllene
19-Nov,11A,17,9.715,9.686,9.744,TIC,87261,66820,1.3,0.15,MI ,terpinene.4.ol
19-Nov,11A,18,10.587,10.571,10.61,TIC,45509,35877,1.26,0.08,MI ,germacrene.D
19-Nov,11A,19,10.929,10.914,10.948,TIC,20513,21733,0.94,0.03,MI ,gamma.cadinene
19-Nov,11B,1,3.529,3.49,3.567,TIC,34464,19904,1.73,100,MI ,alpha.pinene
19-Nov,12A,1,5.265,5.23,5.288,TIC,107789,62929,1.71,0.33,MI ,beta.myrcene
19-Nov,12A,2,5.675,5.67,5.68,TIC,1361,4692,0.29,0,MI ,limonene
19-Nov,12A,3,6.087,6.047,6.129,TIC,425760,263479,1.61,1.32,MI ,cis.beta.ocimene
19-Nov,12A,4,6.291,6.216,6.496,TIC,20871689,13467880,1.54,64.66,MI ,trans.beta.ocimene
19-Nov,12A,5,6.788,6.762,6.83,TIC,124798,75436,1.65,0.39,MI ,acetoin
19-Nov,12A,6,7.022,6.975,7.144,TIC,9919423,7181566,1.38,30.73,MI ,cis.3.hexenyl.acetate
19-Nov,12A,7,7.707,7.656,7.734,TIC,255176,165516,1.54,0.79,MI ,cis.3.hexen.1.ol
19-Nov,12A,8,9.655,9.628,9.701,TIC,243989,159548,1.52,0.76,MI ,trans.beta.caryophyllene
19-Nov,12A,9,10.069,10.044,10.092,TIC,49478,40537,1.22,0.15,MI ,alloaromadendrene
19-Nov,12A,10,10.28,10.242,10.3,TIC,41524,30088,1.38,0.13,MI ,alpha.humulene
19-Nov,12A,11,10.592,10.571,10.624,TIC,108297,72808,1.48,0.34,MI ,germacrene.D
19-Nov,12A,12,10.685,10.663,10.716,TIC,22731,18340,1.23,0.07,MI ,unknown.C15H24.2
19-Nov,12A,13,10.933,10.904,10.958,TIC,105399,74721,1.41,0.33,MI ,gamma.cadinene
19-Nov,12B,1,5.197,5.167,5.254,TIC,192266,69498,2.76,0.35,MI ,beta.myrcene
19-Nov,12B,2,5.634,5.612,5.651,TIC,6899,6475,1.06,0.01,MI ,limonene
19-Nov,12B,3,6.06,6.032,6.09,TIC,609724,340767,1.78,1.12,MI ,cis.beta.ocimene
19-Nov,12B,4,6.273,6.173,6.496,TIC,36017935,20402840,1.76,66.19,MI ,trans.beta.ocimene
19-Nov,12B,5,6.77,6.738,6.815,TIC,132605,82403,1.6,0.24,MI ,acetoin
19-Nov,12B,6,7.01,6.975,7.043,TIC,16565504,11997028,1.38,30.44,MI ,cis.3.hexenyl.acetate
19-Nov,12B,8,7.696,7.666,7.724,TIC,269883,196425,1.37,0.5,MI ,cis.3.hexen.1.ol
19-Nov,12B,9,8.687,8.671,8.696,TIC,30983,28665,1.08,0.06,MI ,myroxide
19-Nov,12B,10,9.651,9.623,9.677,TIC,286188,196328,1.45,0.53,MI ,trans.beta.caryophyllene
19-Nov,12B,11,10.066,10.049,10.083,TIC,50279,40476,1.24,0.09,MI ,alloaromadendrene
19-Nov,12B,12,10.272,10.247,10.295,TIC,49538,35057,1.41,0.09,MI ,alpha.humulene
19-Nov,12B,13,10.396,10.382,10.402,TIC,11449,14306,0.8,0.02,MI ,beta.cadinene
19-Nov,12B,14,10.587,10.571,10.605,TIC,31101,25669,1.21,0.06,MI ,germacrene.D
19-Nov,12B,15,10.676,10.663,10.697,TIC,20508,20325,1,0.04,MI ,unknown.C15H24.2
19-Nov,12B,16,10.93,10.914,10.943,TIC,81970,72337,1.13,0.15,MI ,gamma.cadinene
19-Nov,12B,17,10.97,10.958,10.977,TIC,10915,13275,0.82,0.02,MI ,unknown.C15H24.3
30-Nov,13A,1,5.235,5.22,5.24,TIC,3268,6910,0.47,0.16,MI ,beta.myrcene
30-Nov,13A,3,6.069,6.027,6.095,TIC,21553,12270,1.75,1.03,MI ,cis.beta.ocimene
30-Nov,13A,4,6.257,6.211,6.313,TIC,727790,429390,1.69,34.65,MI ,trans.beta.ocimene
30-Nov,13A,5,6.766,6.733,6.864,TIC,557138,321504,1.73,26.53,MI ,acetoin
30-Nov,13A,7,9.026,9.005,9.048,TIC,54256,37222,1.45,2.58,MI ,isolongifolene
30-Nov,13A,8,9.476,9.435,9.527,TIC,484278,310249,1.56,23.06,MI ,bergamotene
30-Nov,13A,9,10.855,10.842,10.88,TIC,41102,35513,1.15,1.96,MI ,veratrole
30-Nov,13A,10,11.001,10.982,11.025,TIC,49945,35999,1.38,2.38,MI ,beta.sesquiphellandrene
30-Nov,13B,1,3.507,3.48,3.534,TIC,20610,12370,1.66,0.22,MI ,alpha.pinene
30-Nov,13B,2,4.442,4.423,4.466,TIC,15725,12720,1.23,0.17,MI ,beta.pinene
30-Nov,13B,3,5.211,5.191,5.254,TIC,107443,69854,1.53,1.15,MI ,beta.myrcene
30-Nov,13B,4,5.626,5.607,5.68,TIC,110927,65401,1.69,1.19,MI ,limonene
30-Nov,13B,5,5.737,5.718,5.781,TIC,19061,11111,1.71,0.2,MI ,beta.phellandrene
30-Nov,13B,6,6.047,6.037,6.081,TIC,27276,21236,1.28,0.29,MI ,cis.beta.ocimene
30-Nov,13B,7,6.243,6.206,6.303,TIC,940460,474086,1.98,10.07,MI ,trans.beta.ocimene
30-Nov,13B,8,6.764,6.728,6.801,TIC,471319,281390,1.67,5.05,MI ,acetoin
30-Nov,13B,9,6.833,6.801,6.888,TIC,1625114,919096,1.76,17.41,MI ,cis.DMNT
30-Nov,13B,10,6.992,6.946,7.028,TIC,398606,256079,1.55,4.27,MI ,cis.3.hexenyl.acetate
30-Nov,13B,12,7.354,7.328,7.381,TIC,30263,25618,1.18,0.32,MI ,1.hexanol
30-Nov,13B,13,7.682,7.623,7.719,TIC,353804,245585,1.44,3.79,MI ,cis.3.hexen.1.ol
30-Nov,13B,14,9.025,8.99,9.043,TIC,37546,22965,1.63,0.4,MI ,isolongifolene
30-Nov,13B,15,9.472,9.421,9.512,TIC,519445,343761,1.51,5.56,MI ,bergamotene
30-Nov,13B,16,9.633,9.585,9.691,TIC,2234812,1467357,1.52,23.94,MI ,trans.beta.caryophyllene
30-Nov,13B,17,10.096,10.083,10.121,TIC,45572,31686,1.43,0.49,MI ,alloaromadendrene
30-Nov,13B,18,10.252,10.199,10.31,TIC,301152,203169,1.48,3.23,MI ,alpha.humulene
30-Nov,13B,19,10.405,10.368,10.455,TIC,499796,332815,1.5,5.35,MI ,beta.cadinene
30-Nov,13B,20,10.634,10.61,10.658,TIC,83089,62567,1.32,0.89,MI ,germacrene.D
30-Nov,13B,21,10.729,10.692,10.759,TIC,45115,32595,1.38,0.48,MI ,beta.longipinene
30-Nov,13B,22,10.85,10.842,10.866,TIC,32106,35005,0.91,0.34,MI ,veratrole
30-Nov,13B,23,11.005,10.953,11.04,TIC,213146,130804,1.62,2.28,MI ,gamma.cadinene
30-Nov,13B,24,11.886,11.857,11.915,TIC,45397,30729,1.47,0.49,MI ,benzyl.alcohol
30-Nov,13B,25,14.348,14.317,14.375,TIC,1086711,740396,1.46,11.64,MI ,intermedeol
30-Nov,14A,1,5.243,5.206,5.278,TIC,213624,116458,1.83,0.88,MI ,beta.myrcene
30-Nov,14A,3,5.766,5.752,5.776,TIC,5871,8747,0.67,0.02,MI ,beta.phellandrene
30-Nov,14A,4,6.068,6.037,6.115,TIC,557378,344581,1.61,2.29,MI ,cis.beta.ocimene
30-Nov,14A,5,6.268,6.216,6.482,TIC,20191864,13017329,1.55,82.99,MI ,trans.beta.ocimene
30-Nov,14A,6,6.764,6.733,6.801,TIC,308173,178448,1.72,1.27,MI ,acetoin
30-Nov,14A,7,6.839,6.811,6.927,TIC,515825,354901,1.45,2.12,MI ,cis.DMNT
30-Nov,14A,8,6.997,6.975,7.028,TIC,73809,52261,1.41,0.3,MI ,cis.3.hexenyl.acetate
30-Nov,14A,9,7.683,7.642,7.719,TIC,303509,211459,1.43,1.25,MI ,cis.3.hexen.1.ol
30-Nov,14A,10,9.471,9.43,9.527,TIC,206618,130112,1.58,0.85,MI ,bergamotene
30-Nov,14A,11,9.632,9.585,9.677,TIC,705765,466747,1.51,2.9,MI ,trans.beta.caryophyllene
30-Nov,14A,12,10.089,10.078,10.097,TIC,29057,28408,1.02,0.12,MI ,alloaromadendrene
30-Nov,14A,13,10.256,10.218,10.271,TIC,130981,86833,1.5,0.54,MI ,alpha.humulene
30-Nov,14A,14,10.404,10.363,10.445,TIC,407836,291853,1.39,1.68,MI ,beta.cadinene
30-Nov,14A,15,10.635,10.619,10.687,TIC,91572,46859,1.95,0.38,MI ,germacrene.D
30-Nov,14A,16,10.777,10.764,10.788,TIC,13400,14274,0.93,0.06,MI ,unknown.C15H24.2
30-Nov,14A,17,11.007,10.977,11.045,TIC,96808,67388,1.43,0.4,MI ,gamma.cadinene
30-Nov,14A,18,11.884,11.847,11.905,TIC,98878,71464,1.38,0.41,MI ,benzyl.alcohol
30-Nov,14A,19,14.347,14.297,14.389,TIC,322862,209014,1.54,1.33,MI ,intermedeol
30-Nov,14B,1,5.24,5.201,5.269,TIC,106906,57644,1.85,0.6,MI ,beta.myrcene
30-Nov,14B,3,5.748,5.742,5.762,TIC,4637,7246,0.63,0.03,MI ,beta.phellandrene
30-Nov,14B,4,6.064,6.037,6.105,TIC,382432,232204,1.64,2.14,MI ,cis.beta.ocimene
30-Nov,14B,5,6.261,6.211,6.472,TIC,13307755,8595856,1.54,74.53,MI ,trans.beta.ocimene
30-Nov,14B,6,6.761,6.724,6.806,TIC,397405,236694,1.67,2.23,MI ,acetoin
30-Nov,14B,7,6.835,6.806,6.888,TIC,455594,301148,1.51,2.55,MI ,cis.DMNT
30-Nov,14B,8,6.993,6.936,7.033,TIC,565727,387963,1.45,3.17,MI ,cis.3.hexenyl.acetate
30-Nov,14B,9,7.357,7.328,7.376,TIC,32805,22842,1.43,0.18,MI ,1.hexanol
30-Nov,14B,10,7.681,7.632,7.714,TIC,226920,169740,1.33,1.27,MI ,cis.3.hexen.1.ol
30-Nov,14B,11,9.471,9.445,9.517,TIC,187872,121328,1.54,1.05,MI ,bergamotene
30-Nov,14B,12,9.632,9.599,9.696,TIC,760343,480332,1.58,4.26,MI ,trans.beta.caryophyllene
30-Nov,14B,13,10.087,10.068,10.097,TIC,26211,19595,1.33,0.15,MI ,alloaromadendrene
30-Nov,14B,14,10.253,10.218,10.3,TIC,144058,84833,1.69,0.81,MI ,alpha.humulene
30-Nov,14B,15,10.403,10.368,10.445,TIC,433745,297607,1.45,2.43,MI ,beta.cadinene
30-Nov,14B,16,10.636,10.605,10.677,TIC,74458,46098,1.61,0.42,MI ,germacrene.D
30-Nov,14B,17,10.775,10.764,10.784,TIC,5446,6926,0.78,0.03,MI ,unknown.C15H24.2
30-Nov,14B,18,11.008,10.977,11.045,TIC,104643,67672,1.54,0.59,MI ,unknown.C15H24.3
30-Nov,14B,19,11.884,11.857,11.939,TIC,111374,68289,1.63,0.62,MI ,benzyl.alcohol
30-Nov,14B,20,14.345,14.293,14.38,TIC,481327,342062,1.4,2.7,MI ,intermedeol
30-Nov,15A,1,3.493,3.451,3.563,TIC,262752,135494,1.93,50.71,MI ,alpha.pinene
30-Nov,15A,2,4.472,4.457,4.505,TIC,6992,5568,1.25,1.35,MI ,beta.pinene
30-Nov,15A,4,6.753,6.728,6.825,TIC,95169,57896,1.64,18.37,MI ,acetoin
30-Nov,15A,5,6.985,6.96,7.033,TIC,51820,45402,1.14,10,MI ,cis.3.hexenyl.acetate
30-Nov,15A,7,7.671,7.637,7.7,TIC,36280,33501,1.08,7,MI ,cis.3.hexen.1.ol
30-Nov,15A,8,9.618,9.609,9.638,TIC,19750,18811,1.04,3.81,MI ,trans.beta.caryophyllene
30-Nov,15B,1,3.504,3.422,3.659,TIC,20043637,10375254,1.93,29.93,MI ,alpha.pinene
30-Nov,15B,2,4.469,4.418,4.602,TIC,1537516,566678,2.71,2.3,MI ,beta.pinene
30-Nov,15B,3,4.676,4.645,4.742,TIC,147425,46272,3.18,0.22,MI ,sabinene
30-Nov,15B,4,5.234,5.182,5.259,TIC,832812,464121,1.79,1.24,MI ,beta.myrcene
30-Nov,15B,5,5.409,5.351,5.467,TIC,517199,277906,1.86,0.77,MI ,alpha.terpinene
30-Nov,15B,6,5.639,5.597,5.699,TIC,774781,437077,1.77,1.16,MI ,limonene
30-Nov,15B,7,5.748,5.713,5.791,TIC,225684,110918,2.03,0.34,MI ,beta.phellandrene
30-Nov,15B,8,6.174,6.134,6.221,TIC,801946,469848,1.7,1.2,MI ,gamma.terpinene
30-Nov,15B,9,6.467,6.438,6.487,TIC,219487,141302,1.55,0.33,MI ,para.cymene
30-Nov,15B,10,6.588,6.55,6.627,TIC,117444,84062,1.39,0.18,MI ,alpha.terpinolene
30-Nov,15B,11,6.752,6.728,6.796,TIC,147592,92299,1.59,0.22,MI ,acetoin
30-Nov,15B,12,6.997,6.936,7.115,TIC,38361982,23694442,1.61,57.27,MI ,cis.3.hexenyl.acetate
30-Nov,15B,14,7.344,7.313,7.381,TIC,143517,101868,1.4,0.21,MI ,1.hexanol
30-Nov,15B,15,7.671,7.637,7.719,TIC,2304620,1664586,1.38,3.44,MI ,cis.3.hexen.1.ol
30-Nov,15B,16,9.619,9.595,9.643,TIC,79298,57669,1.37,0.12,MI ,trans.beta.caryophyllene
30-Nov,15B,17,9.684,9.652,9.73,TIC,276202,184762,1.49,0.41,MI ,terpinene.4.ol
30-Nov,15B,18,10.244,10.218,10.262,TIC,8695,8525,1.01,0.01,MI ,alpha.humulene
30-Nov,15B,19,10.361,10.358,10.373,TIC,3980,9240,0.43,0.01,MI ,unknown.C15H24.(1)
30-Nov,15B,20,10.451,10.426,10.489,TIC,11650,9589,1.21,0.02,MI ,alpha.terpineol
30-Nov,15B,21,10.556,10.542,10.576,TIC,26627,23800,1.11,0.04,MI ,germacrene.D
30-Nov,15B,22,10.895,10.875,10.924,TIC,30674,26386,1.16,0.05,MI ,unknown.C15H24.2
30-Nov,15B,23,11.871,11.852,11.895,TIC,40149,29140,1.37,0.06,MI ,benzyl.alcohol
1-Dec,16A,1,3.496,3.447,3.596,TIC,3996927,1992345,2,28.96,MI ,alpha.pinene
1-Dec,16A,2,4.481,4.447,4.563,TIC,216151,97423,2.21,1.57,MI ,beta.pinene
1-Dec,16A,3,4.679,4.66,4.713,TIC,10379,7947,1.3,0.08,MI ,sabinene
1-Dec,16A,4,5.231,5.201,5.254,TIC,56938,32877,1.73,0.41,MI ,beta.myrcene
1-Dec,16A,5,5.401,5.39,5.433,TIC,21365,18825,1.13,0.15,MI ,alpha.terpinene
1-Dec,16A,7,5.746,5.723,5.767,TIC,21950,12048,1.82,0.16,MI ,beta.phellandrene
1-Dec,16A,8,6.169,6.153,6.187,TIC,17248,12756,1.35,0.12,MI ,gamma.terpinene
1-Dec,16A,9,6.463,6.434,6.482,TIC,29965,21563,1.38,0.22,MI ,para.cymene
1-Dec,16A,10,6.747,6.719,6.811,TIC,279528,167860,1.66,2.03,MI ,acetoin
1-Dec,16A,11,6.982,6.936,7.188,TIC,8689945,6089802,1.42,62.96,MI ,cis.3.hexenyl.acetate
1-Dec,16A,12,7.667,7.632,7.71,TIC,199544,148331,1.34,1.45,MI ,cis.3.hexen.1.ol
1-Dec,16A,13,9.613,9.585,9.643,TIC,88075,58195,1.51,0.64,MI ,trans.beta.caryophyllene
1-Dec,16A,14,10.234,10.213,10.242,TIC,9506,9487,1,0.07,MI ,alpha.humulene
1-Dec,16A,15,10.55,10.532,10.581,TIC,30094,20716,1.45,0.22,MI ,germacrene.D
1-Dec,16A,16,10.892,10.866,10.919,TIC,52136,34389,1.51,0.38,MI ,unknown.C15H24.2
1-Dec,16A,17,11.18,11.175,11.199,TIC,6676,8055,0.82,0.05,MI ,methyl.salicylate
1-Dec,16B,1,3.489,3.447,3.534,TIC,1531744,825148,1.85,9.03,MI ,alpha.pinene
1-Dec,16B,2,4.476,4.452,4.5,TIC,57987,37177,1.55,0.34,MI ,beta.pinene
1-Dec,16B,3,4.522,4.505,4.553,TIC,11956,8185,1.46,0.07,MI ,sabinene
1-Dec,16B,4,5.229,5.201,5.245,TIC,24925,16526,1.5,0.15,MI ,beta.myrcene
1-Dec,16B,5,5.402,5.399,5.414,TIC,22480,33459,0.67,0.13,MI ,alpha.terpinene
1-Dec,16B,7,5.743,5.723,5.757,TIC,3662,4421,0.82,0.02,MI ,beta.phellandrene
1-Dec,16B,8,6.181,6.153,6.192,TIC,20457,10940,1.86,0.12,MI ,gamma.terpinene
1-Dec,16B,9,6.748,6.719,6.801,TIC,152124,94571,1.6,0.9,MI ,acetoin
1-Dec,16B,10,6.985,6.931,7.105,TIC,14473256,10412708,1.38,85.36,MI ,cis.3.hexenyl.acetate
1-Dec,16B,11,7.667,7.608,7.7,TIC,361899,254579,1.42,2.13,MI ,cis.3.hexen.1.ol
1-Dec,16B,12,9.618,9.59,9.643,TIC,81621,62307,1.3,0.48,MI ,trans.beta.caryophyllene
1-Dec,16B,13,10.03,10.015,10.049,TIC,13325,16208,0.82,0.08,MI ,alloaromadendrene
1-Dec,16B,14,10.237,10.213,10.257,TIC,11120,10887,1.02,0.07,MI ,alpha.humulene
1-Dec,16B,15,10.649,10.639,10.668,TIC,6935,11226,0.61,0.04,MI ,germacrene.D
1-Dec,16B,16,10.896,10.875,10.914,TIC,79665,61513,1.29,0.47,MI ,gamma.cadinene
1-Dec,16B,17,11.185,11.161,11.219,TIC,75950,46316,1.63,0.45,MI ,methyl.salicylate
1-Dec,17A,1,3.5,3.437,3.621,TIC,6977275,3453375,2.02,15.79,MI ,alpha.pinene
1-Dec,17A,2,4.482,4.452,4.578,TIC,437839,174172,2.51,0.99,MI ,beta.pinene
1-Dec,17A,3,4.694,4.655,4.732,TIC,38763,16505,2.34,0.09,MI ,sabinene
1-Dec,17A,4,5.232,5.196,5.278,TIC,328070,155847,2.1,0.74,MI ,beta.myrcene
1-Dec,17A,5,5.409,5.404,5.448,TIC,34114,35739,0.95,0.08,MI ,alpha.terpinene
1-Dec,17A,6,5.638,5.607,5.66,TIC,156954,85450,1.83,0.36,MI ,limonene
1-Dec,17A,7,5.747,5.723,5.762,TIC,21708,13785,1.57,0.05,MI ,beta.phellandrene
1-Dec,17A,8,6.054,6.023,6.105,TIC,225313,123704,1.82,0.51,MI ,cis.beta.ocimene
1-Dec,17A,9,6.174,6.148,6.206,TIC,71090,39182,1.81,0.16,MI ,gamma.terpinene
1-Dec,17A,10,6.246,6.206,6.458,TIC,7235440,4746855,1.52,16.37,MI ,trans.beta.ocimene
1-Dec,17A,11,6.582,6.574,6.598,TIC,4475,6283,0.71,0.01,MI ,alpha.terpinolene
1-Dec,17A,12,6.748,6.719,6.801,TIC,99606,47544,2.09,0.23,MI ,acetoin
1-Dec,17A,13,6.99,6.936,7.115,TIC,27143123,19284880,1.4,61.41,MI ,cis.3.hexenyl.acetate
1-Dec,17A,14,7.667,7.623,7.7,TIC,491182,355652,1.38,1.11,MI ,cis.3.hexen.1.ol
1-Dec,17A,15,9.207,9.174,9.242,TIC,51484,35535,1.44,0.12,MI ,linalyl.acetate
1-Dec,17A,16,9.616,9.58,9.657,TIC,310961,205365,1.51,0.7,MI ,trans.beta.caryophyllene
1-Dec,17A,17,9.678,9.657,9.706,TIC,23458,19652,1.19,0.05,MI ,terpinene.4.ol
1-Dec,17A,18,10.03,9.991,10.049,TIC,58588,43117,1.35,0.13,MI ,alloaromadendrene
1-Dec,17A,19,10.236,10.208,10.266,TIC,66067,40865,1.61,0.15,MI ,alpha.humulene
1-Dec,17A,20,10.357,10.339,10.382,TIC,15560,19321,0.8,0.04,MI ,beta.cadinene
1-Dec,17A,21,10.552,10.508,10.581,TIC,141276,92800,1.52,0.32,MI ,germacrene.D
1-Dec,17A,22,10.642,10.619,10.663,TIC,50711,41117,1.23,0.11,MI ,unknown.C15H24.2
1-Dec,17A,23,10.892,10.866,10.919,TIC,186578,127596,1.46,0.42,MI ,gamma.cadinene
1-Dec,17A,24,10.936,10.919,10.962,TIC,29947,26771,1.11,0.07,MI ,unknown.C15H24.3
1-Dec,17B,1,3.505,3.451,3.596,TIC,11516383,6112945,1.88,19.32,MI ,alpha.pinene
1-Dec,17B,2,4.481,4.428,4.587,TIC,693219,306221,2.26,1.16,MI ,beta.pinene
1-Dec,17B,3,4.68,4.65,4.732,TIC,53491,25471,2.1,0.09,MI ,sabinene
1-Dec,17B,4,5.232,5.191,5.254,TIC,386857,221162,1.74,0.65,MI ,beta.myrcene
1-Dec,17B,5,5.404,5.399,5.448,TIC,67462,60920,1.1,0.11,MI ,alpha.terpinene
1-Dec,17B,6,5.638,5.602,5.665,TIC,213104,114269,1.86,0.36,MI ,limonene
1-Dec,17B,7,5.749,5.713,5.781,TIC,36984,19857,1.86,0.06,MI ,beta.phellandrene
1-Dec,17B,8,6.054,6.018,6.09,TIC,239470,137886,1.73,0.4,MI ,cis.beta.ocimene
1-Dec,17B,9,6.176,6.134,6.206,TIC,112189,58301,1.92,0.19,MI ,gamma.terpinene
1-Dec,17B,10,6.248,6.206,6.361,TIC,9187229,5954570,1.54,15.41,MI ,trans.beta.ocimene
1-Dec,17B,11,6.583,6.574,6.607,TIC,10004,11888,0.84,0.02,MI ,alpha.terpinolene
1-Dec,17B,12,6.75,6.724,6.791,TIC,182631,119281,1.53,0.31,MI ,acetoin
1-Dec,17B,13,6.994,6.936,7.11,TIC,35230690,24644869,1.42,59.11,MI ,cis.3.hexenyl.acetate
1-Dec,17B,14,7.668,7.618,7.7,TIC,623028,425024,1.46,1.05,MI ,cis.3.hexen.1.ol
1-Dec,17B,15,8.652,8.638,8.671,TIC,31596,23432,1.34,0.05,MI ,myroxide
1-Dec,17B,16,9.211,9.184,9.227,TIC,54908,33171,1.65,0.09,MI ,linalyl.acetate
1-Dec,17B,17,9.526,9.522,9.532,TIC,1733,5976,0.28,0,MI ,bergamotene
1-Dec,17B,18,9.617,9.585,9.648,TIC,355284,233528,1.52,0.6,MI ,trans.beta.caryophyllene
1-Dec,17B,19,9.677,9.657,9.701,TIC,17993,14430,1.24,0.03,MI ,terpinene.4.ol
1-Dec,17B,20,10.029,10.005,10.059,TIC,66172,47950,1.38,0.11,MI ,alloaromadendrene
1-Dec,17B,21,10.236,10.199,10.266,TIC,75489,50537,1.49,0.13,MI ,alpha.humulene
1-Dec,17B,22,10.358,10.344,10.378,TIC,13612,14036,0.96,0.02,MI ,beta.cadinene
1-Dec,17B,23,10.555,10.513,10.585,TIC,191400,126919,1.5,0.32,MI ,germacrene.D
1-Dec,17B,24,10.644,10.624,10.668,TIC,58105,41833,1.38,0.1,MI ,unknown.C15H24.2
1-Dec,17B,25,10.896,10.866,10.919,TIC,155207,114968,1.35,0.26,MI ,gamma.cadinene
1-Dec,17B,26,10.939,10.919,10.962,TIC,31579,24346,1.29,0.05,MI ,unknown.C15H24.3
1-Dec,18A,1,3.497,3.442,3.596,TIC,9953580,5385156,1.84,54.36,MI ,alpha.pinene
1-Dec,18A,2,4.427,4.394,4.466,TIC,604521,434025,1.39,3.3,MI ,beta.pinene
1-Dec,18A,3,4.614,4.597,4.645,TIC,26900,20064,1.34,0.15,MI ,sabinene
1-Dec,18A,4,5.192,5.158,5.24,TIC,238659,150805,1.58,1.3,MI ,beta.myrcene
1-Dec,18A,5,5.375,5.351,5.399,TIC,54425,30800,1.76,0.3,MI ,alpha.terpinene
1-Dec,18A,6,5.607,5.573,5.631,TIC,140010,93569,1.49,0.76,MI ,limonene
1-Dec,18A,7,5.714,5.699,5.752,TIC,29037,14618,1.98,0.16,MI ,beta.phellandrene
1-Dec,18A,8,6.151,6.119,6.173,TIC,63254,35935,1.76,0.35,MI ,gamma.terpinene
1-Dec,18A,9,6.752,6.728,6.791,TIC,169183,99250,1.7,0.92,MI ,acetoin
1-Dec,18A,10,6.816,6.791,6.864,TIC,93727,47154,1.98,0.51,MI ,cis.DMNT
1-Dec,18A,11,6.982,6.931,7.105,TIC,6653047,4457227,1.49,36.34,MI ,cis.3.hexenyl.acetate
1-Dec,18A,13,7.671,7.642,7.7,TIC,132587,101821,1.3,0.72,MI ,cis.3.hexen.1.ol
1-Dec,18A,14,9.685,9.657,9.706,TIC,26123,20415,1.27,0.14,MI ,trans.beta.caryophyllene
1-Dec,18A,15,10.681,10.653,10.706,TIC,44638,38100,1.17,0.24,MI ,germacrene.D
1-Dec,18B,1,3.491,3.408,3.596,TIC,12202683,5922806,2.06,61.81,MI ,alpha.pinene
1-Dec,18B,2,4.511,4.442,4.573,TIC,660255,241728,2.73,3.34,MI ,beta.pinene
1-Dec,18B,3,4.69,4.655,4.732,TIC,54938,26239,2.09,0.28,MI ,sabinene
1-Dec,18B,4,5.229,5.177,5.254,TIC,320853,189070,1.69,1.63,MI ,beta.myrcene
1-Dec,18B,5,5.407,5.375,5.438,TIC,69145,39934,1.73,0.35,MI ,alpha.terpinene
1-Dec,18B,6,5.633,5.602,5.66,TIC,180985,104330,1.73,0.92,MI ,limonene
1-Dec,18B,7,5.747,5.713,5.767,TIC,23050,14408,1.59,0.12,MI ,beta.phellandrene
1-Dec,18B,8,6.172,6.139,6.202,TIC,103509,66132,1.56,0.52,MI ,gamma.terpinene
1-Dec,18B,9,6.466,6.434,6.482,TIC,87285,61468,1.42,0.44,MI ,para.cymene
1-Dec,18B,10,6.578,6.569,6.598,TIC,4182,7288,0.57,0.02,MI ,alpha.terpinolene
1-Dec,18B,11,6.747,6.724,6.777,TIC,139900,88940,1.57,0.71,MI ,acetoin
1-Dec,18B,12,6.825,6.791,6.869,TIC,160971,106181,1.51,0.82,MI ,cis.DMNT
1-Dec,18B,13,6.983,6.936,7.096,TIC,5566285,3948937,1.4,28.2,MI ,cis.3.hexenyl.acetate
1-Dec,18B,14,7.67,7.637,7.705,TIC,120577,85644,1.4,0.61,MI ,cis.3.hexen.1.ol
1-Dec,18B,15,9.527,9.508,9.541,TIC,18966,23041,0.82,0.1,MI ,bergamotene
1-Dec,18B,16,9.684,9.667,9.706,TIC,25965,21360,1.21,0.13,MI ,trans.beta.caryophyllene
1-Dec,18B,17,10.362,10.358,10.368,TIC,1934,6669,0.28,0.01,MI ,alpha.terpineol
3-Dec,19A,1,6.033,5.984,6.095,TIC,165608,92680,1.78,3.09,MI ,cis.beta.ocimene
3-Dec,19A,2,6.227,6.173,6.351,TIC,4754744,2573225,1.84,88.76,MI ,trans.beta.ocimene
3-Dec,19A,3,6.756,6.728,6.811,TIC,87832,54334,1.61,1.64,MI ,acetoin
3-Dec,19A,5,8.649,8.628,8.696,TIC,252224,158182,1.59,4.71,MI ,myroxide
3-Dec,19B,1,5.225,5.182,5.245,TIC,70325,38293,1.83,0.56,MI ,beta.myrcene
3-Dec,19B,2,5.632,5.597,5.675,TIC,33508,19976,1.67,0.26,MI ,limonene
3-Dec,19B,3,6.051,6.023,6.11,TIC,262269,168867,1.55,2.07,MI ,cis.beta.ocimene
3-Dec,19B,4,6.246,6.192,6.467,TIC,9339858,6127433,1.52,73.71,MI ,trans.beta.ocimene
3-Dec,19B,5,6.825,6.791,6.873,TIC,561686,384893,1.45,4.43,MI ,cis.DMNT
3-Dec,19B,6,6.981,6.941,7.023,TIC,180932,134334,1.34,1.43,MI ,cis.3.hexenyl.acetate
3-Dec,19B,8,7.669,7.618,7.705,TIC,625367,429081,1.45,4.94,MI ,cis.3.hexen.1.ol
3-Dec,19B,9,8.648,8.623,8.691,TIC,152248,97697,1.55,1.2,MI ,myroxide
3-Dec,19B,10,9.616,9.59,9.652,TIC,105569,70771,1.49,0.83,MI ,trans.beta.caryophyllene
3-Dec,19B,11,10.082,10.068,10.107,TIC,30861,29714,1.03,0.24,MI ,alloaromadendrene
3-Dec,19B,12,10.392,10.349,10.431,TIC,533781,360949,1.47,4.21,MI ,beta.cadinene
3-Dec,19B,13,10.623,10.59,10.639,TIC,89932,62729,1.43,0.71,MI ,germacrene.D
3-Dec,19B,14,10.994,10.958,11.025,TIC,118318,78272,1.51,0.93,MI ,gamma.cadinene
3-Dec,19B,15,11.87,11.847,11.905,TIC,67003,42888,1.56,0.53,MI ,benzyl.alcohol
3-Dec,19B,16,14.333,14.302,14.36,TIC,443740,284463,1.55,3.5,MI ,intermedeol
17-Nov,1A,1,3.486,3.447,3.524,TIC,16872,11482,1.46,0.32,MI ,alpha.pinene
17-Nov,1A,2,5.241,5.191,5.274,TIC,27845,11781,2.36,0.53,MI ,beta.myrcene
17-Nov,1A,3,6.062,6.023,6.1,TIC,105098,74838,1.4,2,MI ,cis.beta.ocimene
17-Nov,1A,4,6.255,6.192,6.337,TIC,4579355,3025606,1.51,87.1,MI ,trans.beta.ocimene
17-Nov,1A,5,6.771,6.743,6.806,TIC,27749,18462,1.5,0.53,MI ,acetoin
17-Nov,1A,6,6.998,6.96,7.023,TIC,43226,24302,1.77,0.82,MI ,cis.3.hexenyl.acetate
17-Nov,1A,8,9.632,9.595,9.667,TIC,169590,120187,1.41,3.23,MI ,trans.beta.caryophyllene
17-Nov,1A,9,10.044,10.01,10.059,TIC,47539,40150,1.18,0.9,MI ,alloaromadendrene
17-Nov,1A,10,10.256,10.218,10.271,TIC,27037,24870,1.08,0.51,MI ,alpha.humulene
17-Nov,1A,11,10.566,10.547,10.59,TIC,22877,21492,1.06,0.44,MI ,germacrene.D
17-Nov,1A,12,10.658,10.643,10.672,TIC,18803,17746,1.05,0.36,MI ,unknown.C15H24.2
17-Nov,1A,13,10.912,10.88,10.938,TIC,118901,76325,1.55,2.26,MI ,gamma.cadinene
17-Nov,1B,1,3.499,3.408,3.587,TIC,859040,412790,2.08,0.88,MI ,alpha.pinene
17-Nov,1B,2,4.515,4.476,4.592,TIC,55195,23553,2.34,0.06,MI ,beta.pinene
17-Nov,1B,3,5.24,5.201,5.269,TIC,233366,133837,1.74,0.24,MI ,beta.myrcene
17-Nov,1B,4,5.412,5.38,5.452,TIC,73132,45598,1.6,0.07,MI ,alpha.terpinene
17-Nov,1B,5,5.638,5.607,5.675,TIC,79383,42569,1.86,0.08,MI ,limonene
17-Nov,1B,6,6.065,6.018,6.115,TIC,819453,490959,1.66,0.84,MI ,cis.beta.ocimene
17-Nov,1B,7,6.276,6.168,6.467,TIC,40951509,23066438,1.77,41.77,MI ,trans.beta.ocimene
17-Nov,1B,8,6.767,6.738,6.825,TIC,123238,65031,1.89,0.13,MI ,acetoin
17-Nov,1B,9,7.016,6.946,7.12,TIC,53233480,31129753,1.71,54.3,MI ,cis.3.hexenyl.acetate
17-Nov,1B,11,7.357,7.333,7.391,TIC,82497,62462,1.32,0.08,MI ,1.hexanol
17-Nov,1B,12,7.683,7.627,7.714,TIC,988281,688156,1.43,1.01,MI ,cis.3.hexen.1.ol
17-Nov,1B,13,8.284,8.28,8.309,TIC,44960,49537,0.9,0.05,MI ,2.6.dimethyl.1.3.5.7.octatetraene.(trans)
17-Nov,1B,14,9.533,9.517,9.546,TIC,21265,17730,1.19,0.02,MI ,bergamotene
17-Nov,1B,15,9.629,9.595,9.672,TIC,99483,69304,1.43,0.1,MI ,trans.beta.caryophyllene
17-Nov,1B,16,10.038,10.02,10.063,TIC,14945,13576,1.1,0.02,MI ,alloaromadendrene
17-Nov,1B,17,10.25,10.233,10.276,TIC,20820,13616,1.52,0.02,MI ,alpha.humulene
17-Nov,1B,18,10.565,10.537,10.595,TIC,54509,39117,1.39,0.06,MI ,germacrene.D
17-Nov,1B,19,10.906,10.885,10.933,TIC,57861,37741,1.53,0.06,MI ,gamma.cadinene
3-Dec,20A,1,3.49,3.471,3.534,TIC,22596,14458,1.56,0.35,MI ,alpha.pinene
3-Dec,20A,2,5.227,5.191,5.24,TIC,9337,9541,0.97,0.14,MI ,beta.myrcene
3-Dec,20A,3,5.633,5.617,5.651,TIC,23810,20118,1.18,0.37,MI ,limonene
3-Dec,20A,4,6.052,6.023,6.081,TIC,73281,48646,1.5,1.13,MI ,cis.beta.ocimene
3-Dec,20A,5,6.243,6.197,6.332,TIC,3958421,2559211,1.54,61.21,MI ,trans.beta.ocimene
3-Dec,20A,6,6.747,6.719,6.786,TIC,190111,124321,1.52,2.94,MI ,acetoin
3-Dec,20A,7,6.823,6.791,6.859,TIC,312684,214955,1.45,4.83,MI ,cis.DMNT
3-Dec,20A,8,6.98,6.941,7.014,TIC,318897,230516,1.38,4.93,MI ,cis.3.hexenyl.acetate
3-Dec,20A,9,7.667,7.632,7.7,TIC,637384,460636,1.38,9.86,MI ,cis.3.hexen.1.ol
3-Dec,20A,10,8.646,8.628,8.686,TIC,79519,54968,1.44,1.23,MI ,myroxide
3-Dec,20A,11,9.614,9.58,9.638,TIC,28892,21670,1.33,0.45,MI ,trans.beta.caryophyllene
3-Dec,20A,12,10.07,10.044,10.073,TIC,17712,22000,0.8,0.27,MI ,alloaromadendrene
3-Dec,20A,13,10.389,10.358,10.426,TIC,329759,237019,1.39,5.1,MI ,beta.cadinene
3-Dec,20A,14,10.618,10.581,10.653,TIC,77753,46373,1.67,1.2,MI ,germacrene.D
3-Dec,20A,15,10.991,10.943,11.02,TIC,81881,58267,1.4,1.27,MI ,unknown.C15H24.3
3-Dec,20A,16,11.869,11.837,11.895,TIC,46716,32407,1.44,0.72,MI ,benzyl.alcohol
3-Dec,20A,17,14.33,14.293,14.37,TIC,258376,175280,1.47,4,MI ,intermedeol
3-Dec,20B,1,6.243,6.221,6.26,TIC,14531,13019,1.11,8.55,MI ,trans.beta.ocimene
3-Dec,20B,2,6.745,6.724,6.796,TIC,111362,69844,1.59,65.49,MI ,acetoin
3-Dec,20B,3,11.184,11.161,11.228,TIC,44141,29000,1.52,25.96,MI ,methyl.salicylate
3-Dec,21A,1,5.232,5.191,5.249,TIC,10951,7544,1.45,0.26,MI ,beta.myrcene
3-Dec,21A,2,5.635,5.602,5.655,TIC,11554,8041,1.43,0.28,MI ,limonene
3-Dec,21A,3,6.051,6.027,6.086,TIC,36037,22558,1.59,0.86,MI ,cis.beta.ocimene
3-Dec,21A,4,6.241,6.197,6.308,TIC,1786358,1203530,1.48,42.6,MI ,trans.beta.ocimene
3-Dec,21A,5,6.747,6.719,6.791,TIC,87442,53829,1.62,2.09,MI ,acetoin
3-Dec,21A,6,6.824,6.796,6.893,TIC,193480,128660,1.5,4.61,MI ,cis.DMNT
3-Dec,21A,7,6.979,6.931,7.018,TIC,749599,554849,1.35,17.88,MI ,cis.3.hexenyl.acetate
3-Dec,21A,9,7.667,7.623,7.7,TIC,537354,384462,1.39,12.82,MI ,cis.3.hexen.1.ol
3-Dec,21A,10,9.614,9.575,9.638,TIC,44945,32558,1.38,1.07,MI ,trans.beta.caryophyllene
3-Dec,21A,11,10.389,10.349,10.431,TIC,346117,238401,1.45,8.25,MI ,beta.cadinene
3-Dec,21A,12,10.621,10.585,10.648,TIC,63802,39740,1.6,1.52,MI ,germacrene.D
3-Dec,21A,13,10.992,10.953,11.025,TIC,81564,58109,1.4,1.95,MI ,unknown.C15H24.3
3-Dec,21A,14,11.866,11.842,11.9,TIC,20201,15849,1.27,0.48,MI ,benzyl.alcohol
3-Dec,21A,15,14.331,14.297,14.36,TIC,163089,129249,1.26,3.89,MI ,intermedeol
3-Dec,21B,1,5.233,5.206,5.249,TIC,25994,16976,1.53,0.45,MI ,beta.myrcene
3-Dec,21B,2,5.641,5.612,5.665,TIC,19012,10438,1.82,0.33,MI ,limonene
3-Dec,21B,3,5.752,5.738,5.771,TIC,6236,5525,1.12,0.11,MI ,beta.phellandrene
3-Dec,21B,4,6.052,6.032,6.081,TIC,57398,43184,1.32,0.98,MI ,cis.beta.ocimene
3-Dec,21B,5,6.244,6.202,6.313,TIC,2771026,1892027,1.46,47.48,MI ,trans.beta.ocimene
3-Dec,21B,6,6.748,6.724,6.782,TIC,82556,49314,1.67,1.41,MI ,acetoin
3-Dec,21B,7,6.825,6.786,6.893,TIC,726056,484452,1.49,12.44,MI ,cis.DMNT
3-Dec,21B,8,6.981,6.927,7.023,TIC,617459,428277,1.44,10.58,MI ,cis.3.hexenyl.acetate
3-Dec,21B,9,7.667,7.623,7.705,TIC,858655,598961,1.43,14.71,MI ,cis.3.hexen.1.ol
3-Dec,21B,10,9.621,9.585,9.648,TIC,41025,31879,1.28,0.7,MI ,trans.beta.caryophyllene
3-Dec,21B,11,10.074,10.044,10.088,TIC,24484,17212,1.42,0.42,MI ,alloaromadendrene
3-Dec,21B,12,10.39,10.353,10.426,TIC,354745,251203,1.41,6.08,MI ,beta.cadinene
3-Dec,21B,13,10.621,10.585,10.653,TIC,71138,44004,1.61,1.22,MI ,germacrene.D
3-Dec,21B,14,10.994,10.962,11.016,TIC,84273,61679,1.36,1.44,MI ,unknown.C15H24.3
3-Dec,21B,15,14.33,14.312,14.346,TIC,96324,86613,1.11,1.65,MI ,intermedeol
3-Dec,22A,1,3.485,3.48,3.509,TIC,3483,3612,0.96,0.03,MI ,alpha.pinene
3-Dec,22A,2,5.226,5.196,5.245,TIC,58211,34070,1.7,0.52,MI ,beta.myrcene
3-Dec,22A,3,5.63,5.607,5.66,TIC,19146,14051,1.36,0.17,MI ,limonene
3-Dec,22A,4,5.739,5.723,5.762,TIC,3420,2855,1.19,0.03,MI ,beta.phellandrene
3-Dec,22A,5,6.048,6.018,6.086,TIC,146378,100666,1.45,1.31,MI ,cis.beta.ocimene
3-Dec,22A,6,6.242,6.197,6.467,TIC,6601519,4141965,1.59,59.29,MI ,trans.beta.ocimene
3-Dec,22A,7,6.745,6.719,6.786,TIC,86340,52866,1.63,0.78,MI ,acetoin
3-Dec,22A,8,6.821,6.782,6.864,TIC,1386813,940414,1.47,12.46,MI ,cis.DMNT
3-Dec,22A,9,6.977,6.902,7.018,TIC,505011,362805,1.39,4.54,MI ,cis.3.hexenyl.acetate
3-Dec,22A,11,7.664,7.608,7.7,TIC,949330,677996,1.4,8.53,MI ,cis.3.hexen.1.ol
3-Dec,22A,12,9.523,9.512,9.532,TIC,7642,12259,0.62,0.07,MI ,bergamotene
3-Dec,22A,13,9.613,9.58,9.652,TIC,509871,338596,1.5,4.58,MI ,trans.beta.caryophyllene
3-Dec,22A,14,10.236,10.199,10.271,TIC,104523,63611,1.64,0.94,MI ,alpha.humulene
3-Dec,22A,15,10.386,10.349,10.416,TIC,303658,212169,1.43,2.73,MI ,beta.cadinene
3-Dec,22A,16,10.615,10.581,10.653,TIC,71923,35166,2.04,0.65,MI ,germacrene.D
3-Dec,22A,17,10.834,10.827,10.856,TIC,38756,44740,0.86,0.35,MI ,veratrole
3-Dec,22A,18,10.988,10.962,11.006,TIC,66170,45252,1.46,0.59,MI ,unknown.C15H24.3
3-Dec,22A,19,11.864,11.832,11.886,TIC,32033,25345,1.26,0.29,MI ,benzyl.alcohol
3-Dec,22A,20,14.327,14.293,14.384,TIC,160686,98566,1.63,1.44,MI ,intermedeol
3-Dec,22B,1,5.228,5.206,5.245,TIC,31239,23152,1.34,0.32,MI ,beta.myrcene
3-Dec,22B,2,5.635,5.612,5.655,TIC,13826,10450,1.32,0.14,MI ,limonene
3-Dec,22B,3,6.05,6.023,6.081,TIC,136451,89469,1.52,1.39,MI ,cis.beta.ocimene
3-Dec,22B,4,6.244,6.202,6.458,TIC,5520015,3743660,1.47,56.13,MI ,trans.beta.ocimene
3-Dec,22B,5,6.747,6.724,6.777,TIC,56020,33874,1.65,0.57,MI ,acetoin
3-Dec,22B,6,6.823,6.782,6.873,TIC,996649,656171,1.51,10.13,MI ,cis.DMNT
3-Dec,22B,7,6.979,6.922,7.018,TIC,674736,480158,1.4,6.86,MI ,cis.3.hexenyl.acetate
3-Dec,22B,9,7.666,7.618,7.705,TIC,1177238,849800,1.38,11.97,MI ,cis.3.hexen.1.ol
3-Dec,22B,10,9.615,9.575,9.652,TIC,379517,253727,1.49,3.86,MI ,trans.beta.caryophyllene
3-Dec,22B,11,10.24,10.199,10.276,TIC,196481,129099,1.52,2,MI ,alpha.humulene
3-Dec,22B,12,10.387,10.363,10.436,TIC,261264,180094,1.45,2.66,MI ,beta.cadinene
3-Dec,22B,13,10.62,10.585,10.653,TIC,53954,26535,2.03,0.55,MI ,germacrene.D
3-Dec,22B,14,10.831,10.822,10.871,TIC,57495,45571,1.26,0.58,MI ,veratrole
3-Dec,22B,15,10.987,10.967,11.02,TIC,41391,29925,1.38,0.42,MI ,unknown.C15H24.3
3-Dec,22B,16,11.865,11.837,11.886,TIC,54761,35782,1.53,0.56,MI ,benzyl.alcohol
3-Dec,22B,17,14.33,14.297,14.36,TIC,77902,64756,1.2,0.79,MI ,intermedeol
6-Dec,23A,1,5.245,5.216,5.264,TIC,12112,8152,1.48,0.42,MI ,beta.myrcene
6-Dec,23A,2,5.655,5.631,5.684,TIC,12474,6187,2.01,0.44,MI ,limonene
6-Dec,23A,3,6.067,6.027,6.11,TIC,72088,47251,1.52,2.53,MI ,cis.beta.ocimene
6-Dec,23A,4,6.258,6.206,6.332,TIC,2422458,1583690,1.52,84.91,MI ,trans.beta.ocimene
6-Dec,23A,5,6.766,6.733,6.849,TIC,166448,95430,1.74,5.83,MI ,acetoin
6-Dec,23A,6,7.237,7.207,7.265,TIC,116140,81376,1.42,4.07,MI ,6.Methyl.5.heptene.2.one
6-Dec,23A,7,9.476,9.44,9.503,TIC,17469,11607,1.5,0.61,MI ,bergamotene
6-Dec,23A,8,10.841,10.837,10.875,TIC,33721,28489,1.18,1.18,MI ,veratrole
6-Dec,23B,1,3.514,3.485,3.543,TIC,23976,15949,1.5,0.72,MI ,alpha.pinene
6-Dec,23B,2,5.25,5.225,5.269,TIC,82639,52472,1.57,2.49,MI ,beta.myrcene
6-Dec,23B,3,5.654,5.626,5.694,TIC,120700,75363,1.6,3.63,MI ,limonene
6-Dec,23B,4,5.763,5.747,5.786,TIC,8385,7317,1.14,0.25,MI ,beta.phellandrene
6-Dec,23B,5,6.071,6.052,6.1,TIC,32020,21909,1.46,0.96,MI ,cis.beta.ocimene
6-Dec,23B,6,6.259,6.226,6.342,TIC,1141608,751217,1.51,34.36,MI ,trans.beta.ocimene
6-Dec,23B,7,6.763,6.733,6.786,TIC,117116,65592,1.78,3.53,MI ,acetoin
6-Dec,23B,8,6.996,6.941,7.033,TIC,91773,51796,1.77,2.76,MI ,cis.3.hexenyl.acetate
6-Dec,23B,9,7.238,7.221,7.26,TIC,51021,43051,1.18,1.54,MI ,6.Methyl.5.heptene.2.one
6-Dec,23B,10,7.683,7.647,7.719,TIC,197783,144961,1.36,5.95,MI ,cis.3.hexen.1.ol
6-Dec,23B,11,9.472,9.44,9.508,TIC,61927,39856,1.55,1.86,MI ,bergamotene
6-Dec,23B,12,9.634,9.595,9.686,TIC,809635,541911,1.49,24.37,MI ,trans.beta.caryophyllene
6-Dec,23B,13,10.092,10.073,10.092,TIC,14262,17586,0.8,0.43,MI ,alloaromadendrene
6-Dec,23B,14,10.251,10.223,10.281,TIC,75682,51017,1.48,2.28,MI ,alpha.humulene
6-Dec,23B,15,10.406,10.378,10.445,TIC,334982,238694,1.4,10.08,MI ,beta.cadinene
6-Dec,23B,16,10.639,10.614,10.653,TIC,54115,41902,1.29,1.63,MI ,germacrene.D
6-Dec,23B,17,11.01,10.987,11.035,TIC,74744,54915,1.36,2.25,MI ,unknown.C15H24.3
6-Dec,23B,18,11.886,11.857,11.9,TIC,29642,23035,1.28,0.89,MI ,benzyl.alcohol
11-Dec,24A,1,5.21,5.182,5.235,TIC,19699,15533,1.26,0.58,MI ,beta.myrcene
11-Dec,24A,3,6.046,6.023,6.09,TIC,62581,30775,2.03,1.83,MI ,cis.beta.ocimene
11-Dec,24A,4,6.241,6.206,6.298,TIC,1794405,888240,2.02,52.54,MI ,trans.beta.ocimene
11-Dec,24A,5,6.765,6.743,6.791,TIC,267075,172411,1.54,7.82,MI ,acetoin
11-Dec,24A,6,6.835,6.811,6.854,TIC,119657,77418,1.54,3.5,MI ,cis.DMNT
11-Dec,24A,8,7.682,7.656,7.71,TIC,411423,290042,1.41,12.05,MI ,cis.3.hexen.1.ol
11-Dec,24A,9,10.257,10.242,10.276,TIC,96141,89432,1.07,2.81,MI ,unknown.C15H24.(1)
11-Dec,24A,10,10.406,10.387,10.426,TIC,163838,125988,1.3,4.8,MI ,beta.cadinene
11-Dec,24A,11,10.635,10.629,10.658,TIC,6980,9667,0.72,0.2,MI ,germacrene.D
11-Dec,24A,12,11.01,10.996,11.016,TIC,16859,16773,1,0.49,MI ,unknown.C15H24.3
11-Dec,24A,13,11.883,11.866,11.905,TIC,101613,82330,1.23,2.98,MI ,benzyl.alcohol
11-Dec,24B,1,5.287,5.216,5.307,TIC,104417,31229,3.34,2.46,MI ,beta.myrcene
11-Dec,24B,3,5.762,5.747,5.776,TIC,2422,4044,0.59,0.06,MI ,beta.phellandrene
11-Dec,24B,4,6.067,6.047,6.095,TIC,68387,41074,1.66,1.61,MI ,cis.beta.ocimene
11-Dec,24B,5,6.257,6.221,6.308,TIC,2122709,1276803,1.66,49.99,MI ,trans.beta.ocimene
11-Dec,24B,6,6.763,6.738,6.786,TIC,138778,93692,1.48,3.27,MI ,acetoin
11-Dec,24B,7,6.839,6.82,6.864,TIC,208406,160009,1.3,4.91,MI ,cis.DMNT
11-Dec,24B,8,6.995,6.96,7.028,TIC,80948,49985,1.61,1.91,MI ,cis.3.hexenyl.acetate
11-Dec,24B,10,7.681,7.647,7.71,TIC,696398,494034,1.4,16.4,MI ,cis.3.hexen.1.ol
11-Dec,24B,11,9.628,9.619,9.648,TIC,18464,22643,0.81,0.43,MI ,trans.beta.caryophyllene
11-Dec,24B,12,10.259,10.237,10.271,TIC,86940,64039,1.35,2.05,MI ,unknown.C15H24.(1)
11-Dec,24B,13,10.407,10.382,10.431,TIC,276273,197141,1.4,6.51,MI ,beta.cadinene
11-Dec,24B,14,10.637,10.624,10.663,TIC,30003,22109,1.35,0.71,MI ,germacrene.D
11-Dec,24B,15,11.01,10.991,11.03,TIC,55684,41492,1.34,1.31,MI ,unknown.C15H24.3
11-Dec,24B,16,11.883,11.857,11.905,TIC,119584,74557,1.6,2.82,MI ,benzyl.alcohol
11-Dec,25A,1,5.23,5.216,5.264,TIC,11084,8511,1.3,0.29,MI ,beta.myrcene
11-Dec,25A,3,6.257,6.231,6.284,TIC,115866,74331,1.55,3,MI ,trans.beta.ocimene
11-Dec,25A,4,6.764,6.738,6.801,TIC,283315,163048,1.73,7.33,MI ,acetoin
11-Dec,25A,6,9.537,9.527,9.556,TIC,9274,11413,0.81,0.24,MI ,bergamotene
11-Dec,25A,7,9.636,9.595,9.686,TIC,1025804,650225,1.57,26.52,MI ,trans.beta.caryophyllene
11-Dec,25A,8,10.091,10.073,10.102,TIC,57918,53193,1.08,1.5,MI ,alloaromadendrene
11-Dec,25A,9,10.252,10.223,10.286,TIC,108681,75863,1.43,2.81,MI ,alpha.humulene
11-Dec,25A,10,10.409,10.382,10.44,TIC,569548,363213,1.56,14.73,MI ,beta.cadinene
11-Dec,25A,11,10.64,10.6,10.672,TIC,131495,65870,1.99,3.4,MI ,germacrene.D
11-Dec,25A,12,11.008,10.987,11.04,TIC,116635,74620,1.56,3.02,MI ,unknown.C15H24.3
11-Dec,25A,13,11.195,11.185,11.209,TIC,5139,6815,0.75,0.13,MI ,methyl.salicylate
11-Dec,25A,14,14.349,14.307,14.384,TIC,1228692,780359,1.57,31.77,MI ,intermedeol
11-Dec,25B,2,6.259,6.255,6.264,TIC,569,1948,0.29,0.03,MI ,trans.beta.ocimene
11-Dec,25B,3,6.759,6.728,6.806,TIC,419313,251272,1.66,24.68,MI ,acetoin
11-Dec,25B,5,7.679,7.661,7.705,TIC,65106,54729,1.18,3.83,MI ,cis.3.hexen.1.ol
11-Dec,25B,6,10.255,10.233,10.276,TIC,42842,39909,1.07,2.52,MI ,alpha.humulene
11-Dec,25B,7,11.879,11.842,11.915,TIC,838114,539157,1.55,49.33,MI ,benzyl.alcohol
11-Dec,25B,8,14.345,14.331,14.36,TIC,70125,69202,1.01,4.13,MI ,intermedeol
11-Dec,26A,2,6.26,6.25,6.26,TIC,1120,2408,0.46,0.13,MI ,trans.beta.ocimene
11-Dec,26A,3,6.759,6.728,6.811,TIC,548604,312969,1.75,61.48,MI ,acetoin
11-Dec,26A,5,11.88,11.842,11.919,TIC,246539,143844,1.71,27.63,MI ,benzyl.alcohol
11-Dec,26A,6,14.341,14.331,14.351,TIC,15962,19122,0.83,1.79,MI ,intermedeol
11-Dec,26B,1,5.245,5.22,5.269,TIC,23572,18913,1.24,0.27,MI ,beta.myrcene
11-Dec,26B,3,6.063,6.057,6.071,TIC,3968,6897,0.57,0.05,MI ,cis.beta.ocimene
11-Dec,26B,4,6.25,6.226,6.279,TIC,214130,141907,1.5,2.47,MI ,trans.beta.ocimene
11-Dec,26B,5,6.758,6.738,6.772,TIC,43231,32163,1.34,0.5,MI ,acetoin
11-Dec,26B,6,9.537,9.517,9.556,TIC,43795,38692,1.13,0.51,MI ,bergamotene
11-Dec,26B,7,9.629,9.599,9.667,TIC,2160632,1404625,1.53,24.96,MI ,trans.beta.caryophyllene
11-Dec,26B,8,10.082,10.063,10.102,TIC,62518,50033,1.24,0.72,MI ,alloaromadendrene
11-Dec,26B,9,10.246,10.218,10.271,TIC,289038,181815,1.58,3.34,MI ,alpha.humulene
11-Dec,26B,10,10.402,10.373,10.426,TIC,1640473,1040090,1.57,18.95,MI ,beta.cadinene
11-Dec,26B,11,10.513,10.494,10.527,TIC,49048,36655,1.33,0.57,MI ,germacrene.D
11-Dec,26B,12,10.635,10.585,10.682,TIC,494056,236504,2.08,5.71,MI ,verbenone
11-Dec,26B,13,11.005,10.982,11.03,TIC,386989,283847,1.36,4.47,MI ,unknown.C15H24.3
11-Dec,26B,14,14.345,14.302,14.384,TIC,3244351,2121796,1.52,37.48,MI ,intermedeol
18-Dec,27A,1,5.236,5.177,5.288,TIC,281207,120789,2.32,0.52,MI ,beta.myrcene
18-Dec,27A,2,5.646,5.622,5.651,TIC,7226,10537,0.68,0.01,MI ,limonene
18-Dec,27A,3,6.059,6.018,6.144,TIC,1519996,755098,2.01,2.81,MI ,cis.beta.ocimene
18-Dec,27A,4,6.272,6.192,6.496,TIC,50836711,22515110,2.25,93.99,MI ,trans.beta.ocimene
18-Dec,27A,5,8.285,8.261,8.309,TIC,110186,67911,1.62,0.2,MI ,2.6.dimethyl.1.3.5.7.octatetraene.(trans)
18-Dec,27A,6,8.66,8.638,8.681,TIC,151881,103893,1.46,0.28,MI ,myroxide
18-Dec,27A,7,9.536,9.517,9.551,TIC,60143,40570,1.48,0.11,MI ,bergamotene
18-Dec,27A,8,10.566,10.547,10.566,TIC,21623,24074,0.89,0.04,MI ,germacrene.D
18-Dec,27A,9,10.655,10.653,10.663,TIC,4633,15976,0.28,0.01,MI ,verbenone
18-Dec,27A,10,14.287,14.239,14.312,TIC,666106,331572,2,1.23,MI ,2.amino.phenyl.ethenone
18-Dec,27B,1,5.247,5.235,5.249,TIC,3878,7139,0.54,0.15,MI ,beta.myrcene
18-Dec,27B,2,5.645,5.641,5.651,TIC,1983,6839,0.28,0.08,MI ,limonene
18-Dec,27B,3,6.058,6.037,6.086,TIC,41646,24189,1.72,1.65,MI ,cis.beta.ocimene
18-Dec,27B,4,6.25,6.216,6.317,TIC,1530500,889745,1.72,60.81,MI ,trans.beta.ocimene
18-Dec,27B,5,6.751,6.724,6.786,TIC,690049,405702,1.7,27.42,MI ,acetoin
18-Dec,27B,6,6.991,6.96,7.014,TIC,135768,83226,1.63,5.39,MI ,cis.3.hexenyl.acetate
18-Dec,27B,7,7.342,7.333,7.352,TIC,17638,19772,0.89,0.7,MI ,1.hexanol
18-Dec,27B,8,7.676,7.661,7.69,TIC,16532,18228,0.9,0.66,MI ,cis.3.hexen.1.ol
16-Nov,2A,1,5.235,5.225,5.269,TIC,24189,16285,1.48,0.22,MI ,beta.myrcene
16-Nov,2A,2,6.079,6.047,6.124,TIC,169080,79275,2.13,1.54,MI ,cis.beta.ocimene
16-Nov,2A,3,6.274,6.226,6.405,TIC,6213773,3716977,1.67,56.68,MI ,trans.beta.ocimene
16-Nov,2A,4,6.795,6.767,6.815,TIC,70466,45002,1.56,0.64,MI ,acetoin
16-Nov,2A,5,6.856,6.82,6.927,TIC,848540,538278,1.57,7.74,MI ,cis.DMNT
16-Nov,2A,6,7.016,6.965,7.115,TIC,1588911,1048103,1.51,14.49,MI ,cis.3.hexenyl.acetate
16-Nov,2A,7,7.258,7.236,7.304,TIC,55080,30537,1.8,0.5,MI ,6.Methyl.5.heptene.2.one
16-Nov,2A,8,7.706,7.671,7.739,TIC,714533,515746,1.38,6.52,MI ,cis.3.hexen.1.ol
16-Nov,2A,9,9.652,9.633,9.672,TIC,28152,22617,1.24,0.26,MI ,trans.beta.caryophyllene
16-Nov,2A,10,10.424,10.387,10.45,TIC,297231,198074,1.5,2.71,MI ,beta.cadinene
16-Nov,2A,11,10.659,10.639,10.672,TIC,44950,33932,1.32,0.41,MI ,germacrene.D
16-Nov,2A,12,11.03,10.991,11.069,TIC,65140,49473,1.31,0.59,MI ,unknown.C15H24.3
16-Nov,2A,13,11.912,11.871,11.939,TIC,69785,40195,1.73,0.64,MI ,benzyl.alcohol
16-Nov,2A,14,14.372,14.336,14.413,TIC,772911,492835,1.56,7.05,MI ,intermedeol
16-Nov,2B,1,5.261,5.24,5.274,TIC,9196,7302,1.25,0.17,MI ,beta.myrcene
16-Nov,2B,3,6.078,6.057,6.11,TIC,69950,45874,1.52,1.29,MI ,cis.beta.ocimene
16-Nov,2B,4,6.273,6.221,6.342,TIC,3617258,2432419,1.48,66.88,MI ,trans.beta.ocimene
16-Nov,2B,5,6.787,6.762,6.815,TIC,46354,31004,1.49,0.86,MI ,acetoin
16-Nov,2B,6,6.854,6.825,6.912,TIC,425516,288600,1.47,7.87,MI ,cis.DMNT
16-Nov,2B,7,7.013,6.965,7.081,TIC,448552,290332,1.54,8.29,MI ,cis.3.hexenyl.acetate
16-Nov,2B,8,7.258,7.226,7.294,TIC,48339,33073,1.46,0.89,MI ,6.Methyl.5.heptene.2.one
16-Nov,2B,9,7.704,7.661,7.734,TIC,197807,137951,1.43,3.66,MI ,cis.3.hexen.1.ol
16-Nov,2B,10,9.648,9.623,9.672,TIC,43904,26917,1.63,0.81,MI ,trans.beta.caryophyllene
16-Nov,2B,11,10.423,10.392,10.455,TIC,187167,133069,1.4,3.46,MI ,beta.cadinene
16-Nov,2B,12,10.657,10.629,10.687,TIC,37585,21423,1.75,0.69,MI ,germacrene.D
16-Nov,2B,13,11.023,11.006,11.054,TIC,39947,31213,1.27,0.74,MI ,unknown.C15H24.3
16-Nov,2B,14,11.217,11.209,11.223,TIC,6359,9387,0.67,0.12,MI ,methyl.salicylate
16-Nov,2B,15,11.914,11.881,11.934,TIC,25615,21223,1.2,0.47,MI ,benzyl.alcohol
16-Nov,2B,16,14.37,14.336,14.404,TIC,161175,102659,1.57,2.98,MI ,intermedeol
16-Nov,3A,1,5.249,5.201,5.278,TIC,174227,89455,1.94,0.37,MI ,beta.myrcene
16-Nov,3A,2,5.645,5.612,5.694,TIC,107953,55756,1.93,0.23,MI ,limonene
16-Nov,3A,3,6.074,6.032,6.139,TIC,721454,440601,1.63,1.54,MI ,cis.beta.ocimene
16-Nov,3A,4,6.282,6.216,6.496,TIC,34368669,21190519,1.62,73.22,MI ,trans.beta.ocimene
16-Nov,3A,5,6.781,6.753,6.811,TIC,137546,90837,1.51,0.29,MI ,acetoin
16-Nov,3A,6,7.009,6.956,7.125,TIC,10639178,7711165,1.37,22.67,MI ,cis.3.hexenyl.acetate
16-Nov,3A,8,7.695,7.656,7.729,TIC,281653,205522,1.37,0.6,MI ,cis.3.hexen.1.ol
16-Nov,3A,9,9.642,9.599,9.686,TIC,171696,125615,1.36,0.37,MI ,trans.beta.caryophyllene
16-Nov,3A,10,10.058,10.054,10.083,TIC,16543,22673,0.72,0.04,MI ,alloaromadendrene
16-Nov,3A,11,10.261,10.237,10.286,TIC,40813,32327,1.26,0.09,MI ,alpha.humulene
16-Nov,3A,12,10.577,10.566,10.605,TIC,44562,34007,1.31,0.09,MI ,germacrene.D
16-Nov,3A,13,10.671,10.643,10.687,TIC,42339,34945,1.21,0.09,MI ,unknown.C15H24.2
16-Nov,3A,14,10.92,10.9,10.948,TIC,152838,94995,1.6,0.33,MI ,gamma.cadinene
16-Nov,3A,15,11.204,11.199,11.209,TIC,2393,7972,0.3,0.01,MI ,methyl.salicylate
16-Nov,3B,1,5.248,5.201,5.278,TIC,317896,164553,1.93,0.42,MI ,beta.myrcene
16-Nov,3B,3,6.076,6.027,6.134,TIC,1279867,719845,1.77,1.71,MI ,cis.beta.ocimene
16-Nov,3B,4,6.295,6.216,6.487,TIC,64338831,33665865,1.91,85.93,MI ,trans.beta.ocimene
16-Nov,3B,5,6.786,6.738,6.825,TIC,99850,66159,1.5,0.13,MI ,acetoin
16-Nov,3B,6,7.009,6.956,7.13,TIC,8038946,5741554,1.4,10.74,MI ,cis.3.hexenyl.acetate
16-Nov,3B,7,7.697,7.666,7.734,TIC,191215,132149,1.44,0.26,MI ,cis.3.hexen.1.ol
16-Nov,3B,8,9.551,9.517,9.58,TIC,51182,31679,1.61,0.07,MI ,bergamotene
16-Nov,3B,9,9.646,9.619,9.686,TIC,195792,136163,1.43,0.26,MI ,trans.beta.caryophyllene
16-Nov,3B,10,10.06,10.039,10.092,TIC,37541,26792,1.4,0.05,MI ,alloaromadendrene
16-Nov,3B,11,10.269,10.242,10.291,TIC,30153,21812,1.38,0.04,MI ,alpha.humulene
16-Nov,3B,12,10.584,10.556,10.614,TIC,96514,68430,1.41,0.13,MI ,germacrene.D
16-Nov,3B,13,10.674,10.653,10.692,TIC,22733,15997,1.42,0.03,MI ,unknown.C15H24.2
16-Nov,3B,14,10.924,10.9,10.953,TIC,108930,81086,1.34,0.15,MI ,gamma.cadinene
16-Nov,3B,15,10.966,10.953,10.982,TIC,19887,20323,0.97,0.03,MI ,unknown.C15H24.3
16-Nov,3B,16,11.214,11.204,11.223,TIC,7969,11964,0.66,0.01,MI ,methyl.salicylate
16-Nov,4A,1,3.506,3.447,3.606,TIC,3157890,1589359,1.98,8.55,MI ,alpha.pinene
16-Nov,4A,2,4.473,4.437,4.582,TIC,204971,85616,2.39,0.56,MI ,beta.pinene
16-Nov,4A,3,4.684,4.66,4.713,TIC,13401,10537,1.27,0.04,MI ,sabinene
16-Nov,4A,4,5.251,5.216,5.278,TIC,165544,83628,1.97,0.45,MI ,beta.myrcene
16-Nov,4A,5,5.422,5.394,5.457,TIC,27062,18899,1.43,0.07,MI ,alpha.terpinene
16-Nov,4A,6,5.66,5.626,5.708,TIC,96854,50399,1.92,0.26,MI ,limonene
16-Nov,4A,7,5.772,5.747,5.796,TIC,19099,11155,1.71,0.05,MI ,beta.phellandrene
16-Nov,4A,8,6.075,6.047,6.139,TIC,381424,223302,1.7,1.03,MI ,cis.beta.ocimene
16-Nov,4A,9,6.274,6.168,6.501,TIC,14948601,9815057,1.52,40.48,MI ,trans.beta.ocimene
16-Nov,4A,10,6.78,6.748,6.849,TIC,102378,51302,1.99,0.28,MI ,acetoin
16-Nov,4A,11,7.014,6.97,7.062,TIC,17541487,12676066,1.38,47.5,MI ,cis.3.hexenyl.acetate
16-Nov,4A,13,7.699,7.676,7.734,TIC,170057,129089,1.31,0.46,MI ,cis.3.hexen.1.ol
16-Nov,4A,14,9.487,9.464,9.512,TIC,17218,13731,1.25,0.05,MI ,bergamotene
16-Nov,4A,15,11.219,11.19,11.243,TIC,35274,21325,1.65,0.1,MI ,methyl.salicylate
16-Nov,4B,1,3.516,3.461,3.611,TIC,1409692,695869,2.02,4.46,MI ,alpha.pinene
16-Nov,4B,2,4.499,4.466,4.539,TIC,85965,39631,2.16,0.27,MI ,beta.pinene
16-Nov,4B,3,5.255,5.22,5.278,TIC,96957,55398,1.75,0.31,MI ,beta.myrcene
16-Nov,4B,4,5.432,5.404,5.457,TIC,23601,14802,1.59,0.07,MI ,alpha.terpinene
16-Nov,4B,5,5.663,5.641,5.689,TIC,51301,29318,1.74,0.16,MI ,limonene
16-Nov,4B,6,5.777,5.747,5.8,TIC,10845,7903,1.37,0.03,MI ,beta.phellandrene
16-Nov,4B,7,6.079,6.047,6.119,TIC,288943,183004,1.57,0.91,MI ,cis.beta.ocimene
16-Nov,4B,8,6.275,6.182,6.482,TIC,13129097,8568304,1.53,41.49,MI ,trans.beta.ocimene
16-Nov,4B,9,6.784,6.753,6.815,TIC,74904,42643,1.75,0.24,MI ,acetoin
16-Nov,4B,10,7.015,6.97,7.212,TIC,16299650,11797137,1.38,51.51,MI ,cis.3.hexenyl.acetate
16-Nov,4B,11,7.699,7.661,7.734,TIC,158920,103396,1.53,0.5,MI ,cis.3.hexen.1.ol
16-Nov,4B,12,9.492,9.459,9.512,TIC,10978,8220,1.33,0.03,MI ,bergamotene
17-Nov,5A,1,5.239,5.201,5.293,TIC,232522,113651,2.04,2.27,MI ,beta.myrcene
17-Nov,5A,2,5.648,5.622,5.675,TIC,40929,29400,1.39,0.4,MI ,limonene
17-Nov,5A,3,6.061,6.013,6.1,TIC,124226,84271,1.47,1.21,MI ,cis.beta.ocimene
17-Nov,5A,4,6.254,6.202,6.337,TIC,5539869,3638095,1.52,54.06,MI ,trans.beta.ocimene
17-Nov,5A,5,6.834,6.801,6.878,TIC,773060,514868,1.5,7.54,MI ,cis.DMNT
17-Nov,5A,6,6.994,6.97,7.018,TIC,69338,56779,1.22,0.68,MI ,cis.3.hexenyl.acetate
17-Nov,5A,8,7.683,7.647,7.719,TIC,143515,101087,1.41,1.4,MI ,cis.3.hexen.1.ol
17-Nov,5A,9,9.466,9.425,9.508,TIC,157138,103226,1.52,1.53,MI ,bergamotene
17-Nov,5A,10,9.632,9.58,9.681,TIC,1786510,1179436,1.51,17.43,MI ,trans.beta.caryophyllene
17-Nov,5A,11,10.253,10.223,10.295,TIC,330375,184543,1.79,3.22,MI ,alpha.humulene
17-Nov,5A,12,10.403,10.363,10.44,TIC,394341,274995,1.43,3.85,MI ,beta.cadinene
17-Nov,5A,13,10.636,10.6,10.658,TIC,75983,48658,1.56,0.74,MI ,germacrene.D
17-Nov,5A,14,11.009,10.972,11.049,TIC,81367,53180,1.53,0.79,MI ,unknown.C15H24.3
17-Nov,5A,15,11.886,11.857,11.915,TIC,96279,74670,1.28,0.94,MI ,benzyl.alcohol
17-Nov,5A,16,14.35,14.317,14.399,TIC,349817,242504,1.44,3.41,MI ,intermedeol
17-Nov,5B,1,5.244,5.211,5.269,TIC,21536,15628,1.37,2.16,MI ,beta.myrcene
17-Nov,5B,2,6.061,6.042,6.09,TIC,10983,13374,0.82,1.1,MI ,cis.beta.ocimene
17-Nov,5B,3,6.251,6.211,6.308,TIC,604323,405707,1.48,60.59,MI ,trans.beta.ocimene
17-Nov,5B,4,6.764,6.738,6.849,TIC,225406,141288,1.59,22.6,MI ,acetoin
17-Nov,5B,6,9.463,9.459,9.483,TIC,12247,12048,1.01,1.23,MI ,bergamotene
17-Nov,6A,1,3.495,3.485,3.514,TIC,9728,8404,1.15,0.7,MI ,alpha.pinene
17-Nov,6A,2,5.607,5.593,5.631,TIC,16996,11670,1.45,1.22,MI ,limonene
17-Nov,6A,3,6.041,6.032,6.052,TIC,4112,4859,0.84,0.29,MI ,cis.beta.ocimene
17-Nov,6A,4,6.234,6.202,6.279,TIC,240031,151883,1.58,17.19,MI ,trans.beta.ocimene
17-Nov,6A,5,6.77,6.733,6.811,TIC,255870,160257,1.59,18.33,MI ,acetoin
17-Nov,6A,6,6.988,6.941,7.028,TIC,157458,96377,1.63,11.28,MI ,cis.3.hexenyl.acetate
17-Nov,6A,7,7.684,7.647,7.71,TIC,137121,99844,1.37,9.82,MI ,cis.3.hexen.1.ol
17-Nov,6A,8,10.404,10.368,10.445,TIC,191452,137694,1.39,13.71,MI ,beta.cadinene
17-Nov,6A,9,10.632,10.605,10.663,TIC,39476,25654,1.53,2.83,MI ,germacrene.D
17-Nov,6A,10,11.009,10.977,11.03,TIC,45546,37742,1.2,3.26,MI ,unknown.C15H24.3
17-Nov,6A,11,11.886,11.857,11.915,TIC,24447,16568,1.47,1.75,MI ,benzyl.alcohol
17-Nov,6A,12,14.348,14.312,14.384,TIC,273988,177869,1.54,19.62,MI ,intermedeol
17-Nov,6B,1,3.481,3.437,3.514,TIC,20623,11654,1.76,1.06,MI ,alpha.pinene
17-Nov,6B,2,5.234,5.196,5.249,TIC,19951,12706,1.57,1.02,MI ,beta.myrcene
17-Nov,6B,3,5.641,5.607,5.675,TIC,19344,14410,1.34,0.99,MI ,limonene
17-Nov,6B,4,6.058,6.042,6.09,TIC,23068,14216,1.62,1.18,MI ,cis.beta.ocimene
17-Nov,6B,5,6.249,6.197,6.289,TIC,554027,356048,1.55,28.37,MI ,trans.beta.ocimene
17-Nov,6B,6,6.763,6.733,6.806,TIC,137733,85126,1.61,7.05,MI ,acetoin
17-Nov,6B,7,6.835,6.811,6.893,TIC,63826,30125,2.11,3.27,MI ,cis.DMNT
17-Nov,6B,8,6.992,6.941,7.038,TIC,305563,196593,1.55,15.65,MI ,cis.3.hexenyl.acetate
17-Nov,6B,9,7.685,7.652,7.714,TIC,186626,129233,1.44,9.56,MI ,cis.3.hexen.1.ol
17-Nov,6B,10,10.404,10.368,10.436,TIC,305529,196692,1.55,15.65,MI ,beta.cadinene
17-Nov,6B,11,10.637,10.614,10.653,TIC,53421,36677,1.45,2.74,MI ,germacrene.D
17-Nov,6B,12,11.009,10.987,11.02,TIC,62932,49544,1.27,3.22,MI ,unknown.C15H24.3
17-Nov,6B,13,14.349,14.331,14.375,TIC,200222,139083,1.43,10.25,MI ,intermedeol
17-Nov,7A,1,5.266,5.225,5.293,TIC,305922,178613,1.71,0.18,MI ,beta.myrcene
17-Nov,7A,2,5.435,5.394,5.467,TIC,74891,52886,1.41,0.04,MI ,alpha.terpinene
17-Nov,7A,3,6.091,6.057,6.158,TIC,1366528,757369,1.8,0.79,MI ,cis.beta.ocimene
17-Nov,7A,4,6.315,6.221,6.496,TIC,72799216,36148440,2.01,42.07,MI ,trans.beta.ocimene
17-Nov,7A,5,6.793,6.772,6.811,TIC,47055,27866,1.68,0.03,MI ,acetoin
17-Nov,7A,6,7.055,6.975,7.159,TIC,96953031,46707202,2.07,56.03,MI ,cis.3.hexenyl.acetate
17-Nov,7A,7,7.707,7.647,7.743,TIC,1487242,1019707,1.45,0.86,MI ,cis.3.hexen.1.ol
17-Nov,7A,8,11.224,11.214,11.248,TIC,14933,17187,0.86,0.01,MI ,methyl.salicylate
17-Nov,7B,1,5.26,5.23,5.283,TIC,17029,12459,1.36,0.38,MI ,beta.myrcene
17-Nov,7B,2,6.082,6.057,6.115,TIC,89688,62939,1.42,1.98,MI ,cis.beta.ocimene
17-Nov,7B,3,6.277,6.235,6.347,TIC,4076188,2739091,1.48,90.03,MI ,trans.beta.ocimene
17-Nov,7B,4,6.791,6.767,6.835,TIC,53870,34243,1.57,1.19,MI ,acetoin
17-Nov,7B,5,7.017,6.97,7.057,TIC,243216,164872,1.47,5.37,MI ,cis.3.hexenyl.acetate
17-Nov,8A,1,3.529,3.5,3.553,TIC,10611,6459,1.64,0.84,MI ,alpha.pinene
17-Nov,8A,2,6.09,6.061,6.115,TIC,24129,20183,1.19,1.92,MI ,cis.beta.ocimene
17-Nov,8A,3,6.278,6.245,6.347,TIC,981108,646581,1.51,78.04,MI ,trans.beta.ocimene
17-Nov,8A,4,6.791,6.762,6.869,TIC,104206,57785,1.8,8.29,MI ,acetoin
17-Nov,8A,6,9.501,9.479,9.522,TIC,17697,11079,1.59,1.41,MI ,bergamotene
17-Nov,8A,7,10.289,10.257,10.315,TIC,49710,30399,1.63,3.95,MI ,alpha.humulene
17-Nov,8B,1,3.525,3.509,3.553,TIC,10684,8182,1.3,0.05,MI ,alpha.pinene
17-Nov,8B,2,5.266,5.225,5.288,TIC,152033,87833,1.73,0.7,MI ,beta.myrcene
17-Nov,8B,3,5.672,5.651,5.708,TIC,53393,35173,1.51,0.24,MI ,limonene
17-Nov,8B,4,6.089,6.052,6.148,TIC,483086,287056,1.68,2.21,MI ,cis.beta.ocimene
17-Nov,8B,5,6.288,6.25,6.342,TIC,16230666,11180130,1.45,74.4,MI ,trans.beta.ocimene
17-Nov,8B,6,6.788,6.762,6.82,TIC,75408,45752,1.64,0.35,MI ,acetoin
17-Nov,8B,7,6.86,6.825,6.912,TIC,547397,358251,1.52,2.51,MI ,cis.DMNT
17-Nov,8B,8,7.018,6.965,7.081,TIC,1755947,1230282,1.42,8.05,MI ,cis.3.hexenyl.acetate
17-Nov,8B,10,7.706,7.656,7.743,TIC,424053,309078,1.37,1.94,MI ,cis.3.hexen.1.ol
17-Nov,8B,11,8.684,8.667,8.705,TIC,111654,84588,1.31,0.51,MI ,myroxide
17-Nov,8B,12,9.492,9.474,9.517,TIC,31400,23064,1.36,0.14,MI ,bergamotene
17-Nov,8B,13,9.656,9.623,9.691,TIC,373438,253395,1.47,1.71,MI ,trans.beta.caryophyllene
17-Nov,8B,14,10.125,10.117,10.136,TIC,16934,21620,0.78,0.08,MI ,alloaromadendrene
17-Nov,8B,15,10.282,10.257,10.305,TIC,104184,77742,1.34,0.48,MI ,alpha.humulene
17-Nov,8B,16,10.428,10.387,10.46,TIC,824034,522133,1.57,3.78,MI ,beta.cadinene
17-Nov,8B,17,10.538,10.523,10.542,TIC,13588,15794,0.86,0.06,MI ,unknown.C15H24.(1)
17-Nov,8B,18,10.659,10.61,10.692,TIC,173713,96283,1.8,0.8,MI ,beta.longipinene
17-Nov,8B,19,11.032,11.006,11.059,TIC,146882,99843,1.47,0.67,MI ,unknown.C15H24.3
17-Nov,8B,20,14.372,14.355,14.413,TIC,245973,171017,1.43,1.13,MI ,intermedeol
17-Nov,9A,1,3.539,3.471,3.659,TIC,17105131,8919903,1.91,12.12,MI ,alpha.pinene
17-Nov,9A,2,4.535,4.495,4.636,TIC,1521480,477626,3.18,1.08,MI ,beta.pinene
17-Nov,9A,3,4.736,4.694,4.8,TIC,262550,121228,2.16,0.19,MI ,sabinene
17-Nov,9A,4,5.271,5.225,5.346,TIC,1714722,942830,1.81,1.21,MI ,beta.myrcene
17-Nov,9A,5,5.445,5.404,5.506,TIC,486094,266733,1.82,0.34,MI ,alpha.terpinene
17-Nov,9A,6,5.677,5.641,5.713,TIC,1149778,648522,1.77,0.81,MI ,limonene
17-Nov,9A,7,5.786,5.752,5.873,TIC,305176,146757,2.07,0.22,MI ,beta.phellandrene
17-Nov,9A,8,6.093,6.061,6.124,TIC,703524,428444,1.64,0.5,MI ,cis.beta.ocimene
17-Nov,9A,9,6.215,6.187,6.24,TIC,775504,455350,1.7,0.55,MI ,gamma.terpinene
17-Nov,9A,10,6.304,6.25,6.361,TIC,36732060,22142205,1.65,26.02,MI ,trans.beta.ocimene
17-Nov,9A,11,6.51,6.492,6.525,TIC,173236,115746,1.49,0.12,MI ,para.cymene
17-Nov,9A,12,6.627,6.598,6.661,TIC,167740,115377,1.45,0.12,MI ,alpha.terpinolene
17-Nov,9A,13,6.796,6.767,6.815,TIC,49592,34277,1.44,0.04,MI ,acetoin
17-Nov,9A,14,6.87,6.854,6.902,TIC,110064,68240,1.61,0.08,MI ,cis.DMNT
17-Nov,9A,15,7.054,6.985,7.163,TIC,76862241,36998645,2.07,54.45,MI ,cis.3.hexenyl.acetate
17-Nov,9A,17,7.71,7.647,7.743,TIC,1336462,940171,1.42,0.95,MI ,cis.3.hexen.1.ol
17-Nov,9A,18,7.916,7.898,7.942,TIC,62131,47508,1.3,0.04,MI ,trans.2.hexen.1.ol
17-Nov,9A,19,8.686,8.676,8.705,TIC,20753,16900,1.22,0.01,MI ,myroxide
17-Nov,9A,20,9.17,9.135,9.193,TIC,109187,83650,1.3,0.08,MI ,linalool
17-Nov,9A,21,9.249,9.222,9.29,TIC,152084,98785,1.53,0.11,MI ,sabine.hydrate
17-Nov,9A,22,9.658,9.633,9.696,TIC,362970,259602,1.39,0.26,MI ,trans.beta.caryophyllene
17-Nov,9A,23,9.724,9.696,9.749,TIC,277307,197832,1.4,0.2,MI ,terpinene.4.ol
17-Nov,9A,24,10.071,10.054,10.097,TIC,58602,48203,1.21,0.04,MI ,alloaromadendrene
17-Nov,9A,25,10.279,10.252,10.3,TIC,61115,45311,1.34,0.04,MI ,alpha.humulene
17-Nov,9A,26,10.399,10.392,10.411,TIC,8509,11688,0.71,0.01,MI ,beta.cadinene
17-Nov,9A,27,10.501,10.469,10.518,TIC,41104,32460,1.26,0.03,MI ,alpha.terpineol
17-Nov,9A,28,10.598,10.571,10.639,TIC,254520,152328,1.67,0.18,MI ,germacrene.D
17-Nov,9A,29,10.686,10.663,10.701,TIC,48798,33146,1.47,0.03,MI ,unknown.C15H24.2
17-Nov,9A,30,10.797,10.779,10.817,TIC,28280,21513,1.31,0.02,MI ,trans.trans.alpha.farnesene
17-Nov,9A,31,10.936,10.914,10.962,TIC,130414,95568,1.36,0.09,MI ,gamma.cadinene
17-Nov,9A,32,10.98,10.962,10.996,TIC,21299,20871,1.02,0.02,MI ,unknown.C15H24.3
17-Nov,9A,33,11.229,11.209,11.248,TIC,4235,38924,0.1,0,MI ,methyl.salicylate
17-Nov,9B,1,3.529,3.524,3.606,TIC,372334,353302,1.05,5,MI ,alpha.pinene
17-Nov,9B,2,4.511,4.486,4.592,TIC,55413,19568,2.83,0.74,MI ,beta.pinene
17-Nov,9B,3,4.723,4.713,4.756,TIC,11942,7623,1.56,0.16,MI ,sabinene
17-Nov,9B,4,5.263,5.225,5.293,TIC,48008,26815,1.79,0.64,MI ,beta.myrcene
17-Nov,9B,5,5.669,5.646,5.708,TIC,19452,10577,1.83,0.26,MI ,limonene
17-Nov,9B,6,6.083,6.057,6.124,TIC,126151,72798,1.73,1.69,MI ,cis.beta.ocimene
17-Nov,9B,7,6.203,6.177,6.226,TIC,11935,8733,1.36,0.16,MI ,gamma.terpinene
17-Nov,9B,8,6.275,6.226,6.356,TIC,5642667,3626639,1.55,75.77,MI ,trans.beta.ocimene
17-Nov,9B,9,6.786,6.757,6.801,TIC,98475,65730,1.49,1.32,MI ,acetoin
17-Nov,9B,10,7.012,6.975,7.047,TIC,125851,94374,1.33,1.69,MI ,cis.3.hexenyl.acetate
17-Nov,9B,11,7.34,7.313,7.357,TIC,33504,22144,1.51,0.45,MI ,1.hexanol
17-Nov,9B,12,7.701,7.666,7.719,TIC,30279,21957,1.37,0.41,MI ,cis.3.hexen.1.ol
17-Nov,9B,13,7.905,7.888,7.937,TIC,75620,49679,1.52,1.02,MI ,trans.2.hexen.1.ol
17-Nov,9B,14,8.681,8.667,8.686,TIC,41112,50170,0.81,0.55,MI ,myroxide
17-Nov,9B,15,9.651,9.619,9.696,TIC,249992,169075,1.47,3.36,MI ,trans.beta.caryophyllene
17-Nov,9B,16,9.719,9.691,9.739,TIC,46209,39518,1.16,0.62,MI ,terpinene.4.ol
17-Nov,9B,17,10.063,10.039,10.088,TIC,51024,39835,1.28,0.69,MI ,alloaromadendrene
17-Nov,9B,18,10.268,10.237,10.305,TIC,50738,34782,1.45,0.68,MI ,alpha.humulene
17-Nov,9B,19,10.587,10.552,10.624,TIC,137203,93577,1.46,1.84,MI ,germacrene.D
17-Nov,9B,20,10.675,10.653,10.692,TIC,37339,26238,1.42,0.5,MI ,unknown.C15H24.2
17-Nov,9B,21,10.928,10.904,10.953,TIC,155158,109575,1.41,2.08,MI ,gamma.cadinene
17-Nov,9B,22,10.97,10.953,10.991,TIC,27028,21242,1.27,0.36,MI ,unknown.C15H24.3
17-Nov,VEG 1,1,3.489,3.456,3.534,TIC,156332,93744,1.66,2.1,MI ,alpha.pinene
17-Nov,VEG 1,2,4.449,4.433,4.466,TIC,8426,6220,1.35,0.11,MI ,beta.pinene
17-Nov,VEG 1,3,5.24,5.216,5.245,TIC,3319,4444,0.74,0.04,MI ,beta.myrcene
17-Nov,VEG 1,4,5.642,5.617,5.66,TIC,32866,23870,1.37,0.44,MI ,limonene
17-Nov,VEG 1,5,5.997,5.974,6.023,TIC,116670,74360,1.56,1.57,MI ,trans.2.hexenal
17-Nov,VEG 1,6,6.246,6.231,6.264,TIC,34120,25715,1.32,0.46,MI ,trans.beta.ocimene
17-Nov,VEG 1,7,6.993,6.956,7.038,TIC,6508830,4646787,1.4,87.37,MI ,cis.3.hexenyl.acetate
17-Nov,VEG 1,9,7.356,7.328,7.376,TIC,19045,17270,1.1,0.26,MI ,1.hexanol
17-Nov,VEG 1,10,7.681,7.642,7.714,TIC,441167,310040,1.42,5.92,MI ,cis.3.hexen.1.ol
17-Nov,VEG 1,11,10.465,10.46,10.469,TIC,1610,4397,0.36,0.02,MI ,alpha.terpineol
17-Nov,VEG 2,1,6.86,6.835,6.878,TIC,64388,47454,1.35,3.07,MI ,cis.DMNT
17-Nov,VEG 2,2,7.019,6.985,7.057,TIC,1773316,1241149,1.42,84.58,MI ,cis.3.hexenyl.acetate
17-Nov,VEG 2,4,7.707,7.681,7.734,TIC,115829,81487,1.42,5.52,MI ,cis.3.hexen.1.ol
17-Nov,VEG 2,5,7.918,7.898,7.932,TIC,17058,16573,1.02,0.81,MI ,trans.2.hexen.1.ol
19-Nov,VEG 3,1,3.527,3.509,3.548,TIC,7956,7778,1.02,1.25,MI ,alpha.pinene
19-Nov,VEG 3,2,6.79,6.762,6.835,TIC,180623,108933,1.65,28.35,MI ,acetoin
19-Nov,VEG 3,3,6.856,6.84,6.907,TIC,56142,34281,1.63,8.81,MI ,cis.DMNT
19-Nov,VEG 3,4,7.019,6.97,7.086,TIC,177414,108435,1.63,27.85,MI ,cis.3.hexenyl.acetate
19-Nov,VEG 3,6,7.707,7.661,7.743,TIC,68368,41803,1.63,10.73,MI ,cis.3.hexen.1.ol
22-Jan,VEG 4,1,3.476,3.461,3.5,TIC,14325,10521,1.36,0.21,MI ,alpha.pinene
22-Jan,VEG 4,2,4.418,4.399,4.428,TIC,7837,6532,1.19,0.11,MI ,beta.pinene
22-Jan,VEG 4,3,5.178,5.167,5.196,TIC,5936,6110,0.97,0.09,MI ,beta.myrcene
22-Jan,VEG 4,5,6,5.984,6.047,TIC,16296,10588,1.53,0.23,MI ,cis.beta.ocimene
22-Jan,VEG 4,6,6.215,6.192,6.25,TIC,37818,24243,1.55,0.54,MI ,trans.beta.ocimene
22-Jan,VEG 4,7,6.808,6.786,6.835,TIC,345637,223470,1.54,4.97,MI ,cis.DMNT
22-Jan,VEG 4,8,6.959,6.922,7.009,TIC,5040586,3373786,1.49,72.53,MI ,cis.3.hexenyl.acetate
22-Jan,VEG 4,10,7.645,7.598,7.69,TIC,914123,576046,1.58,13.15,MI ,cis.3.hexen.1.ol
22-Jan,VEG 4,11,9.591,9.57,9.619,TIC,75131,46075,1.63,1.08,MI ,bergamotene
22-Jan,VEG 4,12,10.433,10.416,10.445,TIC,21767,21363,1.01,0.31,MI ,alpha.terpineol
22-Jan,VEG 4,13,10.749,10.73,10.769,TIC,11113,10992,1.01,0.16,MI ,trans.trans.alpha.farnesene